价廉物美，质量不错!，正是我想要的	衣服不错，挺厚实，还有点防雨的感觉	收到了。效果还可以吧。是真的吗？	"国际航班第二日转机, 看了地图感觉还挺近挺新的, 结果去了一看没把我吓尿了, 接驳车司机态度很差,基本不带笑容,问什么爱理不理的,然后酒店内部就更差了,很大味道很严重的发霉味,床铺也很不干净,走道也很脏很阴暗的感觉,总之我感觉是我这辈子住过最垃圾的酒店了,跟格林豪泰那些的都比不上,价格还有300+, 垃圾中的战斗机, 如果你要选这家酒店,三思而后行!!!!!"
价格实惠，基本还可以宾馆反馈 2008年4月17日 ： 希望下次再入住本酒店。	还好吧，包装结实，就是软件太多了	洗发水，护发素味道怪异，不是正品的味道	水果很不新鲜，果皮和底部发霉腐烂，外皮是很干的    太烂了，发霉了，以次充好，再也不在京东上买水果了
很好的，价格也便宜的，我都吃了两个了，下次还要来买	大小12个，现在都不用自己出门买这买那了，不错！口味还不清楚，只有等吃过了再说了……	手感好，质量还行一般。	大家都说了，俺在此就不多说了。
宝贝不错哦，几十块钱买了一大堆，经济又实惠。	酒店的服务很热情，对于我们的客房要求总能及时回应。地理位置不错，离中山北街很近，吃饭方便。	名不副实的酒店	苹果不新鲜，有4~5是皱皮的。你说碰坏还好说，竟然是不新鲜。对京东生鲜开始怀疑了质量。申请退货。
外观工艺不错！手感佳！播放清晰度也不错！音质赞！	第一次买清扬的洗发水，味道还是很香的，而且包装还是这样好，很不错了。	苹果不错，脆度挺好，就像刚采摘没几天的口感似的。拿卡尺量了下，大小70多点，也算描述一致。再大点更好。	就这苹果 真心不划算 不好吃 还是陕西的好
这是一本介绍浙派篆刻的小书。内容要言不烦，关键点均有涉及。虽然所示印例为黑白版的，但也不妨读者对浙派的系统了解。书中特别就对赵次闲的评价进行了论证，有力地说明了赵之谦有关巧拙论的出笼与其气度狭隘，心态狂傲，修养欠缺而导致的论点偏颇。赵之谦是我崇拜的印人，在晚清成就斐然。但在这一点上我们也不必为贤者讳，相反，我们更加应该客观地分析，还历史本来面目。我以为这是本书的亮点之一斑。	"这一台我就随便了,把整个硬盘的隐藏分区统统弄掉,重新分区,把前一个系统复制过来一切ok.没一点问题"	1.内外屏显示效果一般； 2.暗光下摄像头取景速度偏慢；	第一次通过携程入住这个酒店公寓，酒店前台服务态度极端蛮横无礼。我是9月30日将近9点钟到酒店，原准备先放下行李就去看F1，可是前台接待生讲如果上午10点前入主还要再加收半天房费，说这是酒店规定。我让他找去找经理，他说找谁都没用，电脑已经设定了固定程序。我要求他告诉我上海黄金周的投诉电话，他说不知道。最后我打电话给携程，携程与酒店交涉一阵子后才给我办入住。这简直是岂有此理的规定，如果上午10点前入住要加收半天房费的话，酒店一天岂不可以收一天半的房费？忠告计划入住该酒店的各位，务必在预订时确认入住时间不加收房费。
洗发水用着很好，洗完头头发很理顺，秒杀价格很便宜，五星好评	我不知道为什么大家都评论说这书好，但我个人只能说一般而已，起码从一本小说的角度上讲，作者的文学素养真是不好意思恭维……	不是吧。本来就没头屑的，用了这只之后反而有头屑了，吭死了。之前用普通的清扬粉红色的没有这样。	本书有删减，也就是出版社的编辑自律加觉悟高，或者说是被“和谐”了。买这本书建议大家三思。而我还是去香港买原版的吧。
做工不错，外壳也很漂亮。测试了一下还行！~中通很快啊，13号下午的订单，今天早上就收到了。	不好！质量问题！	设施陈旧，隔音奇差，也不干净，服务比汉庭度不如，除了位置便利一无是处，下次就算赶飞机或转机都不会再住。	*的，大家都注意了，日期什么的都不一样，上面打的码都不一样。我敢保证谁买谁后悔。昨天晚上用了，头皮屑还是那么多，跟我以前用的不一样。我想说那些为了钱刷单的，我嚓你们全家女性
应该算是阳朔最好的酒店了，在西街头上，距离汽车站又近，地段没的说了。而且要过一个桥在到酒店里面，闹重取静，也是一大亮点。不过阳朔毕竟是小地方，酒店房间设施应该达不到四星级的标准。	昨天买的今天早上就到了，很快。宝贝在家还没来得看，看了再给评价	S6683又出状况了，内屏蓝屏了，开始只是偶尔，没太注意，以为是用机太狠了，短信多了点，现在发展到几乎天天了，晕，重启-小心用-死机，一天不知道重复多少次，还有，这机子听筒量怎么这么小，借用朋友的机子才比出来，去KF那边问，修可以先交100大元	这是一本不值一看的书，这么简单的道理还要你再解说吗？而且解说得不精彩，大路货，浪得虚名，看了这本书，作者就这水平，作者《庄子》心得坚决不买了。
苹果吃起来还可以，过得去！！！！！！！！！！	"物超所值,此次我们是订的三个房间。感慨中西部的服务有时比发达地区好多了。宾馆反馈 2008年8月8日 ： 感谢您的入住，并期待您再次光临。"	真心屏幕大，可惜就是内存不足，所以感觉好慢！！！应该买联想那个八寸的！	服务很不满意，尺寸相差很大，退货了，商家5天没有实际性任何答复，京东客服也是扯淡的，从我买到退货在到今天，差不多10天了，钱也没退，我想知道几个意思？
京东发货速度快，每每有需要的，都首选京东，一般早晨下单，下午到，或者晚上下单明天到，每次都很准时，快递小哥服务很好，辛苦了。水果很新鲜，口感好，是我想要的，每次都喜欢选择京东自营的，没有失望过，一如既往的支持京东。	显卡是64bit的，这点有一定的制约性能，能随机附带一个XP的盘就好了，太沉！ 装了一个XP，搞了半天。	服务态度应该改进，卫生可以做的更好。	购买要求开纸质的个人发票， 但送到后却是电子发票，
昨晚下单，今天就到货了，上次买过一次了，好评。	服务很好，进房间服务员会给你倒一杯茶水，很温馨，硬件虽然差一些，但性价比很高，下次去还住山水	"裤子不错,大小合适,穿上很舒服"	"福州目前最顶级的酒店.不过豪华阁的服务感觉比两年多前刚开业时退步了.补充点评 2007年12月16日 ： 这次进入房间也没看到印有自己姓名的欢迎卡片.上次入住时看到卡片,心里顿升感动."
非常好！还有冰镇的感觉，好新鲜，比外面卖的好，打算再下单！！！！	没什么说的了，第二次入住，很满意。房间整洁大气，服务规范热情，交通也很方便——离火车站和汽车站都是起步价多一点点。价格也便宜，咖啡吧可以提供商务套餐（虽然品种不怎么丰富，但是一个人吃也不讲究）。	比实体店便宜，习惯网购，也懒得去外面买了	回复 不看！反正哥从不喝蒙牛！……珍爱生命，远离蒙牛！另外劝你尽早从蒙牛离职，省得亲戚朋友为你蒙羞！
挺不错的~裤子穿起来挺好看的 布料也不错 家里人很喜欢	可以，是冷藏保鲜的……当时就洗了一个直接开吃，口感也没什么让人觉得不好的……都ok 值得买	其他都很不错，就是叫出租不是太方便~	不好意思，评价晚了，等优惠活动买的，便宜了一块了，结果还得凑单免邮，我也是醉了，呵呵！
样式非常好 颜色很正 试穿了很合身 老公很喜欢 果断收藏	李嘉诚说过一个人35岁之前要努力赚钱，35岁之后就要考虑以钱生钱。其实即使没看过李富豪说的这句话，好象人一过了30岁都会开始考虑养老的问题，于是如何理财实现财富增长就变得日益重要起来，我就是这样。当理财的愿望日益迫切，面对众多的理财产品，首先想到的就是找本好书来看看。这本书很实用，言之有物，有理论也有实务，可以帮助大家了解各种理财产品进而选择适合自己的。总之，读后受益匪浅。	性价比一般，主要体现在早餐难以令人满意，希望增加花色品种。	有图有真相，摸着良心说这有70-75MM的大小？有几个烂伤了的，个个都是青青的，就像市场里面卖余下的烂垃圾货。
屯了一大堆，今年过年的话蛮富足的!到货很快的!	"上次是半夜到上海请携程帮忙订的这家店,对携程的服务是满意的,但是对这家店实在不敢恭维,窗户不能完全锁闭,空调效果也不好,房间潮湿又没有手机信号.不过携程的预定员事先告诉我这个房间是协调出来的,不是太好,算是自作自受吧,谁让自己选了呢.希望下次住过去的时候别再是这样补充点评 2008年1月28日 ： 还有,怎么听怎么觉得前台的用语不规范,刷我预授权非要硬硬的和我来句----先冻结你四百."	网页显示送4样礼品，但实际仅只有2样，已反应商家，商家让我找京东，已2次联系京东客服，说好尽快给答复的，但事实是没人理我，郁闷。因帮朋友买的，感觉很不好意思的。	对商品谈不上满意，但是你们店的信誉极度不满意，买了件衣服取消了订单，要求退款，结果退款过程进行一半就不进行了，真是因小失大啊
快递配送质量可以，商品质量满意，其他的也不错！整体来说没什么问题	Vista系统的评分中CPU得分53，拖了后腿，其他的评分都比较高。CPU达到100%时内存还很充裕。联想自带的那个slidebar很不好用。容易没电。容易磕碰留下痕迹。	什么都不说了，早上吃的，影响心情。	1、发现键盘最上面按键地板较松，2、光驱读盘噪音大，3、xp安装后音量控制快捷键好像不管用，不知道是不是驱动没安装好！4、一键恢复系统不能用，出现花屏，有人说是硬盘接口需要修改！
苹果不错！很新鲜！到货也很快！	第一次买平板，华为m3使用一天，感觉不错，有些功能还在摸索，618下单，也等了两三天，整体满意，想问一下使用了的人，这款通话版能使用分屏功能么？能玩王者荣耀么？	不知道为何音箱老是产生回响，稍微靠近了，就有回响产生，很刺耳。不过是小问题呢。	差评绝对差评上面紧下面松还没有弹力
相当不错了，好赞，安卓系统平板中的战斗机。。。。	看着还不错！活动套装还可以，好用下次回购！	买来看考研视频 但是播放视频时会自动减音量 调都调不回来 必须退出播放 会不会再次减音量完全看人品。和客服反映了两次 先是说第三方播放器的锅 再换成自带播放器还是一样 又让我换成第三方 最后成了耳机的锅?有没有大神知道这个是啥情况 求解 ??	文笔一般，写得也一般，史料也不详细，网上评论言过其实，业余作者玩票性质。不建议购买，下载看就可以了！
这款本本是2140的体形，披的是1000系列的黑色的外衣。就配置和国内行货的价格而言，这款本本达到我的理想价位。有3个USB接口，一个视频转接，一个多功能读卡槽，一个有线网络插孔，麦克风和耳机共用一个插孔。	如标题所述。质量还不错，没在维修上出现问题	看由蒙牛冠名播出的，快乐中国蒙牛酸酸乳中国最强音！）大家好，我是何炅；大家好，我是朱丹！下面有请快乐导师：王菲、陈奕迅、刘德华、韩红；这阵容明年能否完爆好声音？ @暮年mm	刚拆开一看兜里就一个洞
昨天晚上下单，今天早上十点收到货了，京东物流棒棒哒！苹果好吃，脆嫩多汁，不大不小，特别适合小孩子吃，吃完 下次再买。	苹果很脆很脆，苹果酸甜酸甜呢还好，蛮好吃。	过来和朋友度假的，离尚湖虞山都很近。去王四酒家就马路对面走过去一点就到了。环境服务包括早餐都很好。游泳池很干净，人也少，沐浴更衣的地方也很宽敞，只是里面的桑拿不开，要求服务人员开等我游好了也没开，需要改进。早餐质量不错，最好能分吸烟区和非吸烟区。酒店大堂的装饰也很有味道，我喜欢的。总体性价比很高，值得再次入住。	thinkpad的分区吧合理还是老问题了。 机身后壳有点畸形。 正面触摸屏侧外壳不牢固。
本书综合性的向我介绍了马利坦的思想。其实不仅是这位新托玛斯主义哲学家的思想，而且是对整个传统和古典思想的继承与发展。就凭这一点，本书值得一读，而且要细读，因为它的综合概括性很强。所以，依本人的拙见，本书可以作为对西方传统哲学思想的“开胃酒”或者是“饭后甜点”来读更为适宜。祝各位爱智者能从阅读中得到真正的享受。	我家购物超市，所有购物全都在京东购物，小到财迷油盐酱醋，纸巾水果，蔬菜肉鸡蛋，大到冰箱洗衣机空调，零食，买不停手，希望能一直保持性价比，我们会支持，还有快递帅哥，希望给他加工资！	很好很好很好很好很好很好很好很好很好很好很好很好很好很好很好很好很好很好很好很好很好很好很好很好很好	真不好，不满意，太大，颜色不一样，穿上去想个傻子，希望大家伙不要上当。
酒店的位置非常好，过了街就是繁华的南京路，离地铁站也特别近。酒店的硬件在4星级里面算是不错的，服务也很好，可能开业的时间比较长了，房间里略显的有点旧，而且接近1000一晚的价格不能免费上网也有点不太人性化。也许上海稍微上点档次的酒店都是这样吧。总的来说还算满意，下次还会考虑入住。	性价比高，又好看，该有的全有了！为什么还有那么多的人要XP呢？VISTA挺好的呀，我安装Windows7，MacOS 10.5安装失败！	按键稍显得僵硬了些，回弹能力不够，还是thinkpad的键盘的手感好	没有使用。就是感觉好小，第一张照片，我放了一个成人正常大小的牙刷对比了一下，大家自己感受吧
老公说这家裤子穿起来最舒服的。以后就这里了，祝店家生意兴隆。物流如飞。	房价也差，服务也真差，前台个个苦瓜脸，比快捷酒店还不如。以后都不会住了。	下次再也不住这了，一进房间好大的气味，太难闻了，服务也差，座机打客服、总机，礼宾、接待都没人接	17号下单，说的是19号可以收到，结果一个礼拜知道才收到快递，差评
这个平板大小正好，屏幕很清晰，玩游戏，看视频很不错。不用root直接可以装谷歌！	洗发水不错 以前也在用 这次是活动期间买的 很划算	内存小，只能自己加了。键盘手感也没有传说中IBM那么神，可能是用Dell的习惯了吧，不过我同事用X61的试了试我的键盘，也说不一样了。总体还是比较舒适习惯就好了。如果玩3D还是独显的吧，集成毕竟不行。	火大。买京东商品图的就是快，能送货上门。我们的京东快递员真够奇葩了。奇葩的把我的快递扔到小区大门口的快递柜了。真是自己省事了，砸了自己的招牌。真想投诉他！
超好，味道是我想要的，还有小样，超划算，头发现在也没有那么干枯了	好用，一直用这个牌子的洗发水。	不好，除了充电器什么都没有	同一家店，也不知道顾客是不是都是瞎的，这么差的裤子和客服还给了好评，真是无语死了，价格贵不说裤子还那么垃圾，而且客服也是摆设的
酒店在开发区口上，正好是出差在开发区办事。所以感觉很方便。房间的暖气开的很足，所以-15度的气温也不感觉冷。房间质量还可以，开发区有这样的酒店很满足了。就是早餐质量有待改善，便宜是便宜，但是实在是没什么可以吃的。	不怎么样。	这个３星实在太差了，住的房间开始么空调很低，简直没有，到后来么就拉倒空调坏了，住的房间都是一股霉味，床上面也都是发霉的，千万不要住这个酒店，我是一晚上没睡着，太差了．早餐简直就是没东西吃的，简直是一塌糊涂．服务元态度还算可以．	本以为京东送货能快些，结果慢的要命，天天为这点破事打电话 差评 差评
打开包装有股清香味，吃起来很甜，确实不错！	打开包装，没有出现漏液现象，东西比较新。瓶盖处有少量灰尘， 挤出一点和超市里买的比较了一下，感觉还不错。质量如何有待使用，用过后再追加。先商家点个赞，希望你们一直都能诚信经营。	刚收到时，看了下，表面上觉得还可以，可是这是吃的第三个，就是这样的，不知道接下去的是什么样的！求京东给个说法！有图有真相，希望大家在京东生鲜买水果或者其他的东西的时候，下手要慎重！	垃垃圾垃圾垃圾垃圾垃圾圾
给家里老人买的，屏幕大玩儿着不累眼，性价比挺高的	老品牌用着就是不错，价格还不高。以后就认它了。	太失望了价格过高，不好比超市贵太多了骗人的玩意，满188减100算起来比超市还会	垃圾服务！一星都不值！
套装买的 很划算 用着也还好 两天洗一次 要保护我滴头发啊 哈哈哈	还没有安装！使用后追加！	房间内部设施老旧，修电的老工人敲错门，居然不会说普通话，在那里自言自语后就走了。空调的声音比外面的飞机发动机声音还响，睡到半夜空调自己停了，冬醒后听着飞机的隆隆声再也没睡着	郁闷 买了3本书 没有一本完好无缺的 不知道怎么运货的 全划坏了
裤子穿着不错，穿着刚合适，加绒的，很暖和。	1.小巧精致，延续了THINKPAD的风格 2.东西质量没的说，送过来的时候是全新未拆的 3.京东的服务不错，有发票，送货及时	因为对心理方面的书籍一直比较感兴趣，有朋友推荐我看这本书，于是我就买了，觉得很不错，里面的内容很实际，让我找到自己的人生中不好的模式，并在慢慢改正中，第一次看一口气就看到了底，但是这样云里雾里的，后来又慢慢看了一遍，终于悟懂了，而且现在还推荐我的很多朋友都看，并坚信只要你相信，只要你愿意去改变你自己，你很可能就可以改变命运！	无良商家！抵制蒙牛 @应龙腾四海
用了几天来评价的。平板性能完好，稳定。全新的，孩子很喜欢。外型简约，大气。128G够孩子用了。	彩页很喜欢，而且句型也不死板，很现代，很常用，很口语。而且重要的是对只识得五十音的人来说也可以学习，因为每个汉字上面都有片假名可以参考。其实个人觉得，学习一门语言，可以学完基本发音，再来些基础口语，两者相辅相成，基础打牢了，进阶就容易了。不过期间，单词的积累是要下功夫的，需要思考怎么样去记忆这些单词。非常喜欢这本书～学习当中。	这次在新疆出差，先后两次入住该酒店，总的来说是家不错的酒店，干净整洁，房间电源插座比较多，用起来比较方便，就是卫生间比较小，有些不太方便，值得一说的是前台的服务。第一次入住时两个态度都很好，可第二次入住时，换了一个服务人员，态度却一点也不好，反差非常明显，入住时预定好了早餐（因为要赶飞机），早上催送时，却说携程预定的没有，后来我让她打电话问晚上接待的，又说可以，结果送来两个冰凉的面包和牛奶（第一次预定时送来的时后都是预热过的，那时感觉非常好）。送来的服务生面孔也是凉凉的感觉，好像很不情愿，我非常气愤！结帐时，发票和水单连折也不折，更谈不上装信封了。看来，人员的素质还是离他的星级还有很大的差距啊！	衣服不能穿，    衣袖太小了。
这样低的价钱，买件这样的衣服，我觉得还是很划算的。质量不错。	这个已经第三次购买了 但是没以前买的好 味道不知道有变化吗？等吃过再来评价	早上没热水，系统坏了也不通知，感觉和价格不相符	洗发水太难用了，一点也不防，很失败的一次购物
发热量没有解决，散热效果不理想。基本上CPU要保持在50度以上。其次，在促销消息中明明写着支持靓彩技术，可是系统安装完毕后根本就用不了splendid，快捷键fn+c也就不能用。内存的性能稍微差了些。	你让我怎么相信这是70mm苹果？全箱子都是这么大的。	"MMS短信能发能收但就是看不了!说的是128MB动态内存,但实际可用的也就1664KB,而且电话号码不复制到机子上的话,那么机子就不能识别来电人,而一旦复制了之后,仅有的1664KB的内存就会急剧的减少,具体的情况看用户的电话号码而定;照相机里只能存20张照片,再多就存不下了,而且不管你的1664KB内存还剩多少;处处说省电模式,但是在用户合上翻盖或者点亮小屏幕的时候,里面的键盘灯和主屏幕等会同时点亮,这才是最大的费电!"	一星都不想给，裤子不是正品花花公子，还沾毛
CPU处理速度真快，软件丰富，强机！	用两层塑料膜包裹，苹果本身小的可怜。京东你怎么了？	买回来就这样，小瓶的有一瓶都漏完了！要求补一瓶小的都不肯，说什么只能申请换货，我等你来收再等你寄回来，最少3，4天，我没那么多时间陪你耍。什么玩意儿	书本的质量很差：收到的书本前面几页装订反了，有几页本来就没有装订好，直接就可以拿下来。寄回当当网换货，20多天了，一点消息都没有，写了邮件通知换货的原因，却没有见到任何回复。为了要换货，我还要特意去跑一趟邮局。这次买书简直是受气。这样的服务也太差了。
有点漏，但是总体来说还是不错的，老公喜欢用沙宣，用其它牌子的洗发水有头皮，只有用沙宣不会长头皮，物流很快，好评好评	这款手机在使用上非常顺手	这个价钱还算可以吧！就是主题不能像其他产品一样能去下载	说好的有大礼包也不给送客服回答问题慢的很。还不正面回答问题。
送货挺快，就是外包装只用了个塑料袋，快递拿来时本本自身的包装盒都有点破损了。。。	"以前买过,吃的感觉不错,再次买不新鲜,有好几个坏的,很失望"	不好还没穿呢扣子就掉了	加班然后迟了一天拿货，自提的，外观发霉变质溃烂等等请看照片，说明京东也有失误的时候，这次让我给碰上了，倒霉催的
这裤子质量真心不错，值得大家购买，赞一个。	显示屏仰角太大时，电脑放桌子上会容易仰过去，一点设计上的小问题 摄像头需要光亮很强时才好用，晚上如果灯光暗就会显示不清楚	刚从华为售后回来，修手机的拿着东看西看说手机弯了不保修，我问他什么情况会导致弄弯，这货居然说又没有跟着我是我自己弄的~是个人都听得出来在问他使用禁忌问题。他们经理倒蛮客气的说是铝材料的原因，建议打400客服，400答复以那个修手机的判断为准其实到此我已经弄清了，屏幕应该是确实是手机变弯造成的（但我一直是正常使用，而且在充电后发现红斑之前更是平放在桌子上），那么实际问题就是手机什么情况下会弯，也就是之前粗暴逃避的问题然后搞笑的事情发生了，我向400质疑这款手机的结构强度，400表示可以请第三方判断，让售后拍了两张照片给一个第三方，估计人家“第三方”情况还不知道，发个不予保修来首先质疑我的诚信，然后逃避自身责任，最后偷换概念把“第三方”都忽悠了进去，好吧，白瞎我三年买了四台华为手机，没问题大家相安无事，一出问题绝不要想什么售后，买华为最好放盒子里不用，否则肯定是你用了才会坏的呀！看看时间都五点多了，我也懒得瞎扯，回家吃饭，然后京东差评，然后网络吐槽，再给以前向他们推荐过华为的人提个醒，希望之前帮别人买的机器不要出问题了，我都不好意思见人家！	这个洗发水不好，会刺激眼睛。 差评
房间整洁，交通便利，服务态度好，该酒店的豪华房配备的按摩椅相当有特色，也很实用。	XP的安装很方便，比以前买的一款华硕的方便多了，上次在网上找了好久！	酒店的居住环境真是让人没有安全感，一座楼里有按摩厅，饭店，火锅店，还有台球室。让人匪夷所思的是卫生间的门，居然是透明的，又不是情色酒店，入住的不是情侣只是朋友就算是同性也感觉怪怪的，没有任何隐私。酒店的服务人员服务态度也不怎么好，给的房卡也搞错开不了门，还要我亲自把卡送到楼上大厅去换。总的来说这家酒店的各项远没有它的名字好啊 ～～～～～～～下次不会再光顾了	坑死了，第一次在网上买水果，就有两个烂的，还有个烂的那么严重，怎么吃啊！其他两个看着也不新鲜，还说是新鲜的，也不知道放了多长时间，还真不如去实体店买，价格也没差多少
满意回答    裤子质量很好，穿上很舒服，洗了之后不掉色。卖家很热情，推荐的尺码也刚好。物流速度也挺快的，很愉快的一次购物，会再次光临的！	质量好快递的速度也快颜色也很好下次还买	花花公子的质量一般般	价格太高，不是一般人用得起。如果5000元以下就差不多。
结识小巫，从《给孩子自由》开始，一下子便迷上了她，见到她的新书，自是毫不犹豫地买了。也许看她的东西太多了，这本书没带给我像以往那么大的触动。但仍然一致的是，小巫还是小巫，还是那么聪明、坚定。从第一次接受小巫开始，从此一发不可收拾，一直在努力作和她一样的母亲，但个中辛苦，只有自己知道，时不时地买本她的书，寻求一份理解和安慰。望子成龙的父母，第一本该看的，大概就是小巫的书吧！	我很少评论，但这个一共就三个火龙果 坏了俩，怎么说？	为什么我收到的是用过的 旋嘴也打开了 漏得一个盒子都是洗发水	这就是京东服务，不签收不让验贷。东西不知被偷换没有？那腿是快递的，怕京不认帐抓拍的。平扳连中文手写输入都没有。保护套垃圾的很。*
不错的宝贝，包装干净点就好了，还是可以考虑买的，价钱实惠	酒店里的工作人员很热情大方、每次走过，工作人员都会投上微笑并说您好，让人心情不错。	大瓶的还好，小瓶的不行	气味很淡，不喜欢这玩意。。。洗发效果一般
太恐怖了……太恶心了……誓死不喝蒙牛了…… 消费者喝蒙牛牛奶喝出活虫子	感觉像假的，洗完头皮很痒痒	衣服一般，服务很差	快递太差 没收到都显示本人签收 到了连个电话都没打 什么快递公司啊 简直是垃圾快递 一个星都不想给
已收到，之前买了润发乳，感觉不错，用用看	款式很新颖，我很喜欢	名字都不写，害的别人拿走了今天才给我送回来！里面都拆开了	严重不想要，个头边还发霉，三个小的不要不要，好像那些挑剩的，
东西不错。用了一段时间，挺不错的自动断电与加热，店家服务态度飞长好，以后要是在需要还上这家店买，	自带了一堆鸡肋软件。配置还算均衡，虽然是sis芯片组---我怀疑这就是热源。。	王小山这傻逼天天在微薄宣传蒙牛有毒，大力抵制蒙牛，这傻逼就是毒奶粉的帮凶！ 微博成了帮凶了？神洗地。丧尽天良的罪犯哪里都会有，使之伏法才是正道。博主请解释一下美国校园枪击案吧，难道也是微博转发逼迫罪犯的吗？	本来想着京东的苹果肯定比水果店的要好，结果……，唉，只能说，秒杀的时候千万不要买，秒杀的时候千万不要买，秒杀的时候千万不要买。以上。
拍照功能全面，分辨率也不错。顶极64和弦音。整体运行水平较好。	这就是上市公司品质，花纹看起来不错，但外观很不新鲜，果小，偏酸还有好多是撞坏了	尺码太不标准了， 比平常买的大一码都穿不了	连买两台连个耳机都不送，瞬间就没爱了.
住的是￥400一个晚上的豪华标准间，本来定的是￥380一晚的但是问了前台接待人员回答说靠着淮海西路，淮海西路是徐州最主要的商业街，怕睡不着就换了朝住宅区的，400块。不过这个酒店感觉很不错，首先是服务员的态度都很好，其次房间也比较舒服，配备比较齐全；再次早餐非常不错，东西很好吃。而且交通比较方便，离火车站不远，周围逛街也很方便。呵呵，可惜没有开在云龙湖旁边，不过开在那里就没有这么方便可以逛街了。呵呵。非常不错。下次有机会还要去住。这个酒店离主要的政府机关也不远哦。	东西挺好的 快递小哥态度很好！	2天前买的，今天买还好些，活动价**，东西还没用，囤着	非常小，非常迷你。一点都不甜，味道很淡
"还不错,来过石狮这么多回,就这家有档次,客房特别舒适,价格合理,物有所值,菜很好吃,就店很热闹,我在旁边办事方便"	京东618活动买的899，第二天就降价了848，什么鬼？619反倒便宜，以后再也不相信京东的活动了，对华为的印象也变差了！！！价格欺诈！！参加活动反而被你们这些商家坑！！！	五一小长假期间去到碧海蓝天，简直是太失望了。以前南戴河以及碧海蓝天的总体印象虽然谈不上很好，但起码干净整洁，再加上有帆板可玩，去得也都是年轻人，印象一直还都不错。这次特意动员几个朋友前往，没想到首先南戴河全面修路，出入都很不方便；其次，南戴河整体环境弄得很脏，满处都是土；再次，碧海蓝天里面不仅没有任何变化，而且比外面环境还脏。房间价格不低，说是海景房，但门口只有工地和水沟，房间中的卫生也非常不好，自来水都是黄色的。建议协程应该多几家一纬路旁边那些度假宾馆。	降价太快，昨天和今天差异*多元，真心感觉被欺骗！
挺多的，很划算，一直用这个牌子的，不错不错！	我去官网下了最新的XP驱动，结果声卡装好了，有声音了，接着装显卡，装完显卡，电脑就没声音了，一共装了四次，第三次才发现显卡驱动和声卡驱动冲突， 然后在官网下了前一个显卡驱动，终于搞定了，没有冲突	"刚收到,发现键盘有些松,触摸屏太难按了,最主要的是开机的时候打开和关上光驱导致系统蓝屏,不知道是不是这个原因 , 其他的到目前为止正常."	是不是翻新货啊，怎么用不到两个月，现在出县城就没有信号，网络显示4G，可就是电话打不进来，也打不出去，真后悔！！差差差！！！
清扬洗发水非常好。已经买了好几次了。非常经济实惠，这一次做活动买的，非常优惠。下次继续购买。	物流很快，店家好，商品物美价廉	非常好，618下单，第二天就到了。唯一美中不足，只有32G，没有高配，而且全网通时代，通话版不支持电信。M3也没有10寸的，可选择的余地不大。当然，这都是华为的问题。	"感觉非常不好,房间有霉味,设施太过陈旧,拧开水龙头,要等很久,才出热水"
发货速度很快，头一天晚上下单，第二天上午收到，包装完好无损。	不好吃，看人气来买的，没有另外一家好吃。	"包装""潘苹果""看上去有模有样，打开一看，苹果个头那幺小，哪有货品介绍说的70mm左右，个个都在50±5mm，京东这误差也太大了吧，真失望"	东西不错，给差评是因为京东没有信用。说好22日送到，但是没动静，也没有说法。如果是因为618的货太多不能按说送到就不要信誓旦旦的承诺。
东西不错！！ 已经安装使用了！就是安装费有点高哈！！大天客服人非常不错、很热情哈！有亲戚要买还会继续过来哈！~~~！！~~~	最近写了一篇此书的读后感发表在报纸上。估计主编发表他是因为他没有看过这本书。其实想让大家没事来看看这本书-----我可不是托啊！只是20世纪现代作家的作品大家目前读的不多。但这些作家的作品却是非常值得关注的。这本书的印刷很好，翻译也算到位。每篇似乎都有可供书写的空白地带，你看完可以随手在书上写写画画。看完书能够在自己的书上题字议论，不亦快哉！	"最显著的是显示效果细腻，铃声悦耳,1000条电话薄够大家储备好朋友的号码了呀！"	坚决不买！ 对蒙牛只有一个态度:不买。
苹果很不错第二次购买了会继续支持的???	"我认为这本书没有想象中的好,不能有效提高记忆效果.而且,很多词汇使用频率不高."	阳历二四，平安夜，零下五度，冷风大作，买蒙牛随变牌雪糕一根，独自啃，这是我所能想到的最烂漫的事。	这一颗星是死皮赖脸要的，也是看在送货速度和送货员的面子给的，包装很简单里面就是一个装平板的盒子，外面就一个箱子套上去，而且那天还下很大的雨，基本防水的都没有。画质很差，之前我有特意问过这方面的，客服说的天花乱坠的在加上看到有那么多好评所以就相信了，可是画质太差了，又问客服他说不能退了，还说屏幕大了有所影响，我说那人家还比较大寸的是不是卖不出了，比如电视，然后他说电视是站的远看的，总之那意思就是坚决不承认‘平板质量没问题’在京东上以前也买过两部手机，也没这样的，真是的?，太气人了！
地理位置好，主要是韩国人入住，早餐韩式的，房间比较干净，洗手间很小。	比超市里买的优惠，这次买的还没有使用，京东物流很给力，我是郊区的，物流能送到家门口。超级赞	覺得很失望.這本書這麼火.可是並非我想要的內容.作者是博客出身.怎麼寫都是他的自由.但是出版成書就應該章節嚴謹.出處博引.不然怎對得起讀者?看在我眼裡.只能想到這個評語--有寫小說的欲望.沒有寫歷史的本事1.朱元璋的人生中.劉基跟胡惟庸是多麼重要的角色.但在本書中.所謂足智多謀的劉基.作者只寫到所謂安丰之戰.而且還只是劉基規勸朱元璋不要攻打的兩句話.這樣就可以定位劉基的神機妙算了嗎?其他的戰役呢.其他的權謀呢.劉基的角色何在?胡惟庸寫的比較多.但是他的惡形惡狀呢.他的權謀運用呢?都是一筆帶過.比起他對戰爭場面的描述.那真是小巫見大巫了2.作者的強項顯然是戰爭場面與部份小故事.雖然還引用古文.還幫我們翻譯.但我覺得大方向沒定好.重要主角群配置份量沒抓好.很多事件只是輕輕一筆.可見參考文獻的不足3.寫作的語氣當然可以是作者自身的風格.作者用現代流行語重新演譯了亂哄哄的明史.但是作者屢屢試圖以第一人稱做心情描述.卻煽情且花費了大篇章..只能說..他下一部書應該是小說吧	非常失望，定了一周第二天就换了酒店，是个康体中心，房间设施最多也就是个2星的标准，却要498。真是奇怪，携程还有这样的酒店。晚上9点到酒店，黑乎乎的一片，以为是出租车把我送错了地方。
预装的linux可以省很多钱啊，性价比不错了，外观，还不错，还保修三年，送货的人员，服务也好	很好用，质量不错，值得	还算满意，分辩率差些，照相不太清晰大概和分辩率有关吧，看视频效果还好。	还不错，就是应该买通话版的，当时没多余的卡，现在后悔了。
价格很优惠，服务也很好，YY款式和面料都不错的，给个好评此次鼓励	京东物流快狠准，京准达，很准时，准时到达！清扬不错?，组合买比较划算！棒	这沙宣绝对是假货，瓶口都没盖好，还弄到外面了，瓶子外面弄了好多	不知道哪里来的好评，根本不敢用
第二次买了，比较划算。一直用这个牌子	包装很好，无破损！！！！价格和超市差不多，希望优惠力度以后更大	总体来说还可以，门口的车不是很多，但是金门路上车很多，游5等都可以直接到火车站，离寒山寺 留园 虎丘 定园都很近！	一打开盒子，直接就看到平板屏幕上那么多指纹，真是无语了！买来给女友上夜班时看看视频用的，一开箱尴尬死！心想，也许是装箱的时候弄上的？赶紧看看插孔，两道插痕在那里嘲笑我的侥幸心理。。
"包装很精致,和卖家描述的一致,卖家服务态度非常赞,发货速度也很快,很愉快的一次购物"	装系统对于菜鸟来说稍微困难些，主要是我以为到手后可以进去的，结果，按ALT加f10也不能回复，后来找了个高手装好了。和前面的人说的一样，要先设置下，安装好xp，然后备份了下，下次自己可以回复了。哈	裤子不错，掉色不掉色还不知道，就这样了	618搞活动买的*，现在京东报价*还送小瓶子装的，价格不稳定
想买很久了，终于在京东赠送很多东西的情况下，下了订单。京东总部自提点的前台MM都很灵的：） X200的外形比较经典，很喜欢非镜面外壳，CPU性能很不错	很不错，刚吃了一个，甜中带点微酸，是我的菜	朋友说不错	商品运到包装变形，内部洗发液已经渗出
东东不错挺省电的。	后置摄像头常常无法对焦，连扫描二维码都是个头痛的问题。	赠的流量卡两天就坏掉了。。钱也白充。。售后都不知道找谁啊。。。	就是地摊货。没我在某运动点花30来的好。做工粗糙，缝合粗糙，成本价也就10块左右，越说越来气，还让我再重打一遍，生两遍气，呵呵了。等我平复下心情，太让人失望了，简直透顶，有那么多营销手段，不如多提高提高产品质量，何必用那些虚假宣传提高销量！扬汤止沸不如釜底抽薪。挣钱挣疯了吧，还想做大做强？做梦！好好反省吧！
裤子很好啊，穿起来很舒服，对比过好几家才买的！男朋友可喜欢了！物流也很快，还会再来的	收到火龙果不新鲜，烂了两个，好的一个打开吃不甜，小孩不吃，等于一个没有，以前买的还好，这次不知咋了	服务态度-没有态度，也就无所谓好坏总台看人-用眼白门童 - 门童长什么样子，我没见过房内 - 锁是坏的酒店说明 - 连中文也有错（潮州在浙江），更不要说英文介绍了，哦，酒店说明本身的英文翻译就拼写错误早餐，吃完后，又在外面找了点东西吃房间价格：390/晚，押金800？？！！	差。午餐无可救药。
根本不好笑，个人觉得没有想象中的那么好~~~	"Mini, 不够新鲜，昨天收到，今天就一个外皮已经腐烂变黑了"	苹果根本就没熟，好涩好涩的，一点都吃不了	东西太差，包装都烂完了，居然也发出来
这是一本令人着迷的书，一本可爱的百科全书，一看到书中的介绍，就不禁情动了。一个优秀的男人，是应该杂学博记，能触类旁通的。从小性子里就充满着野性，对于那种粗糙生活有着难以言喻的情结。这一切，恰恰都在书里能找到。有很大的可能，会抢爸爸的角色。哈哈！当然，这本书对小儿子而言还是买的太早了些，希望我的宝贝能早些长大，快快和妈妈一起探险。	看这本书，让我想起我们那些远去的流年。那时候我们每个人都是这样年轻的吧，怀揣着希望和理想，以为快跑过去就能看见烟花漫天，却不知道烟花终究只开一瞬，转眼消逝。我们都曾经为这些容易消逝的东西花费时间，也交付了很多，牺牲了很多。到长大了才知道，没有什么比爱更宝贵。只可惜，爱不肯回来了。幸而小离还能找到一部分，虽然有一辈子无法弥补的伤痛，但总算不是很伤怀。祝福小离。	很一般的书不是大道理就是小故事比较适合中学生看	1.宽屏真是看着很难受，谁发明的宽屏呀 2.电池好像待机短点，第一次充满我的只能显示待2小时
外表俊朗，功能强大，通话效果好，超大的屏幕，显示效果也是相当不错，性价比极高，在这个价位简直无可匹敌。。	大牌品牌效应，喜欢京东的快便服务，每次都能买到自己称心如意的好商品，京东加油，我要努力赚钱买满意。	本来不是很喜欢这文字种插画性质的读物，觉得不多，有点不划算，嘿嘿但阿狸的故事却喜爱至极的确，比几米还几米“据说”的故事有在网上看到阿狸与妈妈的对话，问到何为死亡阿狸与树的对话，问及何为人生无一不引人深思不错！值得反复回味！	手机是个二手货，我实在不知道说什么好，一看封皮就知道被拆过，被退掉的，京东你也是够了
平板不错，玩游戏也不卡，音质立体声，不错的一款平板	可以智能休眠，音质不错，速度还可以，玩游戏差一点，日常够用了。	机器配置不均衡，CPU很高，硬盘小了点，没有摄像头，没有蓝牙，这两个应该是属于商务该有的配置，什么附件都没有送，竟然连安装和驱动一类的光盘都没有，我倒，太小气了！硬盘小就小点吧，但也应配个7200转的	和照片上的苹果完全不同，貌似是从地摊上挑出来的，太骗人了，不良商家啊
速度挺快的 很满意的一次购物 屏幕太大 看电影很爽	颜色很好没有色差 穿起来舒服是正品哦 裤子很修身适合大家购买下次还来购买 而且价格合理	苹果看起来不错，应该很好吃的，质量值得信赖	3.16我买的三箱苹果怎么都那么差，个头又小，苹果都没发育好就被你们摘了吧，果肉的口感密度跟我前两箱买的根本没法比，你说怎么办吧？？
华为是我信任的品牌，已有两部华为手机了，这次购买了华为小平板，全家福了。试了一下，速度快，画面清晰，看微信方便多了。很喜欢！	没色差，款式也不错，大小也刚好合适 穿上很舒服	在五星排行榜上挑到的这本书，买回来以后发现不但宝宝不喜欢，连我自己也读不懂，跳跃的思维，难懂的文字，真的不知道怎么会有那么多人给它评五星呢。	买个老人用的，一开始没关注，也没怎么用，关机了一周，18天后发现问题，但说超过退和换的时间！充电两个小时，只完成11%，充满后打开，12分钟后只剩58%的电！遇到这种问题，还是说不能换！严重怀疑京东给的是否新的平板！
买贵了，一点也不划算	除了离机场有大巴接送近没什么其他优点了，设施老旧，地毯很脏。。	蒙牛不能喝。吓死我了。 我终生都不会改变对蒙牛的印象了。 发指阿太无耻了！！！	好差哦，大家千万不要购买
正品，价廉，速度快，你还等什么，就是京东了。	味道跟超市买的不一样，感觉是假货！	不好用，没什么泡沫，洗不干净，洗完也不顺，头皮痒，用了一次就放那了...	相素太差！并且我查了下不是什么好机子，京东还卖这样的机子！
特价的时候买的，一直在用。还是很不错的！	手机不错，己用了两个月，就是东方财富的Vlp功能用不了，打电话问了华为和东方财富都没得到解决	东拉西扯的，加入作者个人的社交活动，作为医学类的书，不专业，文笔一般，有点乱	收到以后一个发了一点点霉，申请了赔付，另外两个看起来没什么问题。5号收到的，今天9号，一看本来可以的那个火龙果变成这样了。是在通风处放置的。不太满意。也不想退换货了，麻烦。评价提醒一下吧。
漂亮，小家伙喜欢。	火龙果都是烂的，哎，失败的一次购物	外观有明显瑕疵，后壳上有多个小孔（气孔），怀疑是喷漆产生的。要求更换，竟然不拿新机来换。询问客服，解释为贵重电子产品都不直接拿新机更换。可我相邻的同事也换过手机，就是拿新机直接换货的。这又如何解释？太让人不满意了。	很不满意，第一，触屏左上角灵敏度不高；第二，内存少了5G多，配置说是16G手机内存，少的去那儿了；第三，手机侧边开关机键同音量键位置是哪位脑残人士设计的？好用吗？方便吗？碍事吗？天天牛B吹的震天响：销量第一、世界第一，一个企业的技术、理念、文化这几方面不革新不变通不重视，那怕他的产品占有量真世界第一，他也是个不上档次的货！第四，销售还能无耻点不？买这机之前就见好多评论说买了就降价，当时还没当回事，现在体会了，真有点小郁闷，不是 的事情，这点钱对我也就两天五包香烟的事，一天少抽一包四五天也就节约回来了，这是人品问题！把这个机的价钱三天两天调的忽高忽低，脑子抽了吧你们！你们这是典型的给你们的上帝心里添堵哈~这样做除了收获到顾客下次不同你们做生意外你们还能得到什么？
不论是作为小说，还是职场教科书，写的很精彩；不论是任职外企、国企，还是公务员，都值得学习、参考；男人也可以读读，定有收获	可以是可以 就是没有第一次买的果子漂亮，这次皮削开后有些会有一小地方像压伤的	不是很好的	蒙牛早餐奶居难喝
快递不错，很快，店家的服务态度不错。质量非常好，我下次还来买，觉得很划算，质量没得说，物美价廉	一直以来都是用清扬的这次换个味道，挺不错的京东值得信赖。	裤子质量不错。穿起来挺舒适的，对这次购物挺满意的。	"昨天刚用上,今天就降了300,真是郁闷啊. 键盘容易脏,散热不太好."
给宝宝配备的，宝宝很是喜欢，家人也是喜欢，唯一可惜当时拍错啦，应该拍带卡的平板	上次和携程反映过房价的问题后，现在的预定价格是280了，酒店还是那样，这次住的房间1320，可能由于在走廊的尽头，房间通风不是很好，房间里面有点味道，开了换气扇就好了，第一天晚上洗澡的时候，发现谁不热，就问客房服务，小姐说帮我查，后来登门向我道歉，说半小时后好，体现了优质的服务，过了半小时客房部又打来电话，说可能修好要比较晚，和我协商，送几瓶开水给我洗，电话挂了，就有个小伙子拎了3个热水瓶来了，我打开浴室龙头，发现水已经热了，就谢绝了，但是我觉得酒店的服务的确比较好，只是设施有点旧了，第二天热水没有问题。	没吃过那么难吃的苹果，还那幺小，以后不会在网上买水果了	"这个价格来说酒店糟透了.大堂很差很脏,我订的是商务套房,客厅里居然窗户都没有,灯光昏暗.所有的洗淑用品包括毛巾质量都很差.房间有一股味道.用我的笔记本上网时好时坏,到后来索性就连不上了,我只好用自己的无线都比它的强.反正以后不会再考虑这家了"
外观时尚，配置均衡，机器散热也不错，用了大概一个月，感觉不错，物美价廉。	蒙牛真牛，霸气	洗发水750ml买二送俩小，不算太划算，也不算不划算，商家价钱调来调去，活动一波一波，差不多就行，用得上。	不好，洗头了长头屑，不会买了
没有任何效果，只有泡泡	牌子都没有…无语…一点都不专业	本来是很高兴的，结果书读了一部分，发现里面竟然有6页是空白？！晕啊，真是气没处出，网上买书有风险啊	垃圾垃圾垃圾垃圾，全坏了，诅咒卖货的，坑人
京东快递，真不是吹得。。。第二天就用上了。	东西还是不错的，就是没收到海飞丝赠品，感觉被骗似的	买来送妹妹当礼物，结果一起下单的礼品包装盒并没有发，也是醉了	我都没有确定签收就交易完成了，最重要的那个味道跟我现在家里用着的味道完全不一样，看厂商和地名都一样，标签不一样，盒子颜色在实体店买的是红里透黑，这次买的是血红血红的，至于效果就不想再说了！
裤子很好看，质量也不错，这个价格也挺便宜的，在店里面这种质量得好几百呢，总之很满意	环境还不错，我姐她们指定住的地方，住过很多次了喜欢。。。	第一次在网上买苹果吃着很甜吃完下次再来！！！	质量不是很好，有点卡，手感也没有很好。分率也很低。给我的感觉就是这样子，实话实说
款式不错，质量很好，穿着舒服，满意好评。	垃圾跟地摊上*不多没有图片上的感觉，发货速度还超慢	很少给一星，实物和图片差别很大，基本上每个都有瑕疵！还不如在店里一个一个挑选	京东自营的，火龙果是烂的。。。。。超级失望！！！1分都不想给。。。。
苹果的性味温和，含有丰富的碳水化合物、维生素和微量元素，有糖类、有机酸、果胶、蛋白质、钙、磷、钾、铁、维生素A、维生素B、维生素C和膳食纤维，另含有苹果酸，酒石酸，胡萝卜素，是所有蔬果中营养价值最接	很好的啦，还有预装office，很开心，屏幕分辨率很高，待机时间挺长的(我不玩游戏，平时就看看PPT，文件，视频，电子书)。缺点，8寸屏幕偏小(主观而言，应该买大的那一个的)，分辨率过高以至于用眼疲劳(开了护眼模式好一些)，看PPT有时乱码(最无奈，也是该产品唯一的一个让我不满的地方！PPT用电脑看没有问题，用该平板就有错位乱码现象！！！还没有咨询京东客服，个人觉得咨询了也没有什么用，嘿嘿)。总的来说，价格合理。对了，拿到手时运行还有2.8G。以上观点是以我个人喜好所写，不喜勿喷。	个头挺大的，就是重量轻呀！好吃	好心酸啊 上次买了那么多 到现在还剩很多 全家洗了都有头皮屑了 以前一直用的沙宣 弄得以后都不知道还敢不敢用了 以前一直在屈臣氏买的 也是修护水养的啊 人家的怎么就不会有头皮屑 好无语啊 以后都不会相信京东就是正品了 打算去用海飞丝了 用了两个月才来评价的 起初还以为是自己的问题呢 结果全家都会。。。。
老品牌，没毛病 摸的质感很好 还没有上身 过两天天气暖和了穿	包装破的，苹果好几个坏的，有的还很脏，味道特酸，个头不大歪瓜裂枣！	质量不行，做工差	对于送货速度绝对没话说，可是包装太简陋了，收到货瓶子都裂了，漏了好多，自己只能拿胶带给缠上。快递员送货态度还特差，说以后别买京东了，买了也不给送！！！！很差的一次购物
宝贝收到了，裤子质量不错，快递也蛮快的，款式也挺喜欢的~	价格便宜 是正品 快递超快 快递员服务非常好	12个苹果，有5个有点烂了，又找不到客服，苹果还算比较脆甜，希望客服赶紧处理	上次入住，半夜两点，宾馆突然测试电压，将我的笔记本适配器以及手机充电器全部烧坏，幸亏笔记本电脑处于关闭状态以及手机没有插在充电器上，否则不堪设想；而且上次入住早晨停电，没有早饭、洗脸水都没有，东北人的服务意识太差。
只呆了一个晚上。酒店的设施和环境还算不错。离锦里也比较近。前台的小姐感觉不太热情，有点凶巴巴的，不知道是不是当时心情不好。值得一赞的是他的行李生态度很好，我有包裹需要由酒店帮忙快递出去，他们帮我跟进得很到位。表扬一下哦。	酒店的服务不错，我去是预定的豪华大床间，后来因为没有我预定的房间类型，自动给我升级到商务套房。这点还是让人比较舒服。另外早餐现在也还可以。就是因为距离机场比较不远，飞机的噪音比较大。宾馆反馈 2008年3月14日 ： 尊敬的客人，您好，非常感谢您对厦门丽轩酒店的服务及早餐的认可，对于酒店的软件服务，我们一直在改进。另外噪音问题，酒店于2007年5月份经过重新装修，很大程度上解决了噪音问题。欢迎您的下次光临！	回复 ，不是吧！有优惠吗！你好，感谢对蒙牛产品的喜爱呦，我是蒙牛微客服，欢迎关注我	没有系统，而且附带的驱动盘是Vista 的，想装XP的系统必须上华硕官网下载驱动，比较麻烦
我是07年8月入住的这家酒店，环境和服务都不错，只是没有携程说的礼品果盘，虽然没什么大不了的，但是如果没有这项礼品还是不写的好。	1.不支持外接存储卡扩展为其一大致命软肋。2.锁键盘模式下无法启动摄像头，需要解锁再推下后盖才可以，不够人性化，比较麻烦。3.不支持关机闹钟，节能方面做的不够好。4.手感不爽。5.没有自定义短信提示音。	这样的苹果别拿出来丢人了，是去年的老苹果。个小，味道差，颜色发黄。	一直还挺满意京东的服务的，可这是什么，京东超市买了几个东西就这么给我邮？不加个外包装袋也行，几个东西缠几圈胶带让我方便拿也行吧？严重差评！！！
书拿到了，我马上就拆开瞧瞧里面到底装的什么，发现赠送的几本书，挺实用的！试卷有10套，每套答案都跟在后面，这和我以前买的材料有点不一样，这样也挺好的。有一点比较怪，就是只有一份样本答题卡，其它试卷的答题卡是没有的。还好，我本来就不太需要那个东西，所以对我来说，也什么在意的了。我翻了一下答案，感觉写的很详细，真的不错！我和我同学都买了这个，希望对我们的考试能有很大帮助！	品质不错 质优价廉    就是快递袋子破了。	酒店5月装修，味道很大，应该处理好装修后的味道等再让客人入住。	请问。还想让我说什么。我真的一星都不想给。
入住了海悦湾酒店，感觉很不错，我们住的是豪华蜜月房，房间布置的很温馨、浪漫，让我们很是开心和惊喜！房间很新很干净。这里的服务挺好的，有什么问题，服务人员都比较及时的赶来处理。早餐也挺丰富，还有13楼咖啡厅看海非常好！这里的吃住价格我感觉还比较合理，酒店这么贴心的服务让我们感觉到物有所值！	首先附赠软件（Office2007、McAfee）是在第一次启动时决定是否安装。不像很多品牌的笔记本，一上来一股脑儿给你装上。而且实际使用后发现它的很多自带的实用软件非常出色，非常人性化！回家仔细使用后发现键盘手感果然如大家所说非常出色。另外第一次使用小红点就爱上它了--感觉比触摸板好多了，难怪它会成为ThinkPad基因之一机器虽然有点重，但是感觉很扎实，比某些“娱乐本”扎实很多。	"地点在市中心，出行方便，服务态度好。住豪华标间，宽敞，重装修较新,卫生不错，免费的矿泉水和咖啡，配的文具包很方便，较人性化，我买了一个，呵呵！。早餐丰富，烫干丝味道佳，娱乐设施比较齐全，桑拿浴比较豪华，据说在仪征是最好的，价格也不贵。"	经典蒙牛，口味始终如一！不是不想说话，而是有很多话讲不出来，放在心里会安全点。
料子确实不错，穿着很舒服，总之，这次购物很愉快。	挺好，买之前挺犹豫的，没在京东买过生鲜，到货后挺新鲜呀、而且很甜，信赖京东	我也宽恕它们。哈哈~喝蒙牛酸酸乳，青春的味道。	这次买的瓶子都脏兮兮的，不如可悠然好用
不错偏小 甜 经常买 真的很便宜	酒店环境还可以，距离公交车站比较近，出行方便。一般的服务员很和气会主动向你问好，倒是看着象管理人员的从不见打招呼。比较郁闷的是，有一天服务员因为拿走了一筒快过期的冰箱里的饮料，没有交接清楚，下一班的人员误会是我们喝掉了。还有我预定的4天的房，结果到第三天上午房卡就被停掉了，害我从沙滩返回时只好先到大厅重新办理。早餐去的比较晚时感觉他们餐桌收拾的很慢，好像服务员不够用似的，看着将近7、8个没人坐的桌子却都有一摞待收拾的餐盘，没办法告诉服务员后半天才来收拾	大家千万不要去住这间酒店;那里的服务员好像你欠了钱一样;特别是前台;好像你杀了他们全家一样;但是收费确是4星的收费喔;房间的空调就像拖拉机;我真不知携程现在越来越差了'我现在只能每去一个地方跟人酒店去了协议了!	购物很少差评。真的。买家要慎重考虑。毕竟价格也不值啥
做工相当好，手感出众。用外置光驱装XP相当方便，买一键GOST就行了。	地毯真脏	快递速度慢，苹果有碰伤，并且看上去也不太好，这次的京东购物很失望。	服务太差了，本来觉得他们家水果蛮好吃的，所以不管多贵都买，可这次不知是何种原因送来的水果有六七个是碰伤的，还有七八个与所购品种不符，这样的水果质量，太让我失望了…………
裤子质量超级棒，超级好，裤子的料，摸起来很舒服，洗洁，也不掉颜色，这个价钱可以买到这个质量的裤子，值得。	一般吧，分辨率不高，看电视剧不清晰，有时候还出现卡机问题，凑合着用吧！	"不好玩感觉买它是种浪费如果没有认真看它,把它当小说一样看的热情还是不要买了不值得"	对华为手机没意见，差评打给京东快递，当时着急用才会选京东（价格比其他平台高出100元），自营有货商品，系统显示7日晚送到，结果10日才送到。中间三日在线客服电话客服竟无一人能给出原因，无人能告知何时能送货。送货慢，还比别人贵，不知懂京东还剩什么！非常失望
哇，真的太便宜了，比超市便宜好多好多倍呢，总共买了总共买了一套，京东搞活动的时候买的，我从来不评价！第一次评价！真的很不错，向大家推荐！还有就是我的电话号码填错了，京东的快递员也非常有耐心！	电脑性能不错，很实在。 5月5日晚上下的订单，5月6日下午在亚运村提到货，速度很快。	送货很快，只不过是不是低配版没有耳机啊，有点失望。具体细节体验后再评价	垃圾网站，欺骗消费者。。
2006年有住过，因酒店的服务、性价比高，所以这次还是住富盈。不同的是酒店的服务意识更高了，客房重新装修过，换上液晶电视、床上用品更舒服，感觉房间豪华气派了。一楼西餐厅晚餐食物又变换了，既丰富又可口，在菲律宾乐队演奏，巧克喷泉悠悠转动中，还有那闻乐而舞的喷泉中，感觉好极了。补充点评 2007年11月17日 ： 富盈酒店真的不错，物有所值，推荐给大家！	很好！单果有150克左右！蛮好的！好吃！好次	感觉价钱非常贵，房间还算干净，就是有股潮湿味道。设备东西都还蛮齐全的。感觉非常不错。早餐挺好的，吃得比较丰盛。周边也挺便捷。	这什么意思，这货都给你们发过去8天了你们是换还是不换，要不把钱退了
苹果甜脆，略带一点酸味，水分足，买过其它稍微便宜的，但感觉还是这个好吃，已经买了好几次了。	酒店是5星级，但是感觉硬件上离5星还有那么一点差距，服务很好，性价比还是很高的。入住当天酒店的电脑系统出了问题，直到下午才办理了入住，但是酒店人员态度很好，很有耐心。我住的行政大床间，房间有一处设计比较奇怪，就是淋浴间和床只隔了一道透明玻璃，洗澡时从卫生间外面看得非常清楚......要是一个人住还好，我和我女朋友一起住的，弄得我们洗澡都不好意思用淋浴，只好在浴盆洗。不知道其他房间是不是这样。总的来说，考虑到价格因素的话名人酒店还是很不错的，下次来南京还会住这里。	小孩子看看还可以，我觉得不是很好笑啊，也不利于专业英语水平的提高……	不知该怎么说，凑付用吧
性价比高、内存大、功能全，屏幕超清晰	裤子昨天到货的～很棒的材质！跟起别的地方的质量好很多～而且比别的地方便宜很多哎～?下次给朋友买衣服过来这里(?°3°?)很棒很棒	帮同事买的，价格便宜，配置也不错！让我感悟自己总是迷信外国牌子是不是不太明智了。	临街很吵。同样的标间价格，一开始给安排边上很差的房间，性价比太差了
到货了还没打开纸箱都闻到香味了，检查了一下都是好的，还是冰凉冰凉的估计刚从冷库拿出来的，很满意	本本的发热量大，而且重，如果轻些就好了 再就是东西拿到时，为了装XP系统把人磨死了	打开快递 一股芳香扑鼻而来 洗头膏露了 简单洗了洗 以后不会在京东买洗护用品了 希望后者多思量再下单	裤子太差了，穿一次扣子就坏了
设施陈旧，最不好的是房间太小了（单人间），除了放一张床，我在想相同的价格，是否标准间面积会大一些?不敢相信这是四星酒店。	真是良心品牌，太大了！都没有手大！！！坑人	假的，洗完头皮起红疙瘩，还流黄水。。后悔死了，和我在屈臣氏买的完全不一样，除了味道其他都不一样。。	如果可以一颗星都不想给啊。给了都觉得好勉强。
酒店的环境住宿和温泉都很好，服务更没得说的，很体贴！自助餐品种很多，也很新鲜！我下次还是会去的！宾馆反馈 2008年5月29日 ： 谢谢您的惠顾，我们将会继续努力，提供更完善的服务！	还行吧。看电影还行的	"万豪的酒店硬件设施应该是相当不错的,只是因为春节入住的缘由吧,显得异常冷清,几乎看不到其他客人.大多数配套设施也歇业了,除了健身中心.健身中心的女清洁工居然对客人问及拖鞋和浴巾在哪里置若罔闻,回答说你自己找.找不到.害得我女儿光着脚丫,只穿了游泳衣穿过长长的过道进入泳池,除了冷,还有不雅.太过分了."	太让人失望了说好的有弹性，，却是一点弹性都没有，简直就是骗人，欺骗顾客
裤子是正品，穿着很合适舒服。	似乎这是上大学以来第一次半夜起来上厕所。蒙牛的大瓶草莓酸奶真的很好喝，但是真的不能一次喝那么多。。。	很不满意，同事和我一样买的有赠品吹风机，我的怎么没有，信誉何在？	太差了，还这么贵，和领导出差，看着评分高定的，结果颜面尽失，根本就是一个写字楼改的，星级根本就算不上
非常好，方便快捷，头天晚上下单第二天上午到，东西也非常好，货真价实，京东的忠实消费者，粮油米，生活用品等全部京东搞定，太省心又省事了	"在等待书的几天里，我一直戴着一个液压油封，换过来换过去，身边的人都不知道我戴的是什么，我告诉他们是提高运动灵感对抗疲劳的。昨天快递公司来电话预约今天上午送货，但上午在家没等到快递员，下午要开会，于是出了门，走在路上，给快递员打电话，不料快递员当时和我距离不到100米，于是很顺利拿到书。似乎是“吸引定律”发挥了作用，“寻找你就能找到。”拿到书和紫手环了,真开心！和很多朋友感受一样，戴上手环才知道自己一天有多少抱怨，甚至连自己都吃惊，仔细回想，除了抱怨、批评和闲话，一天剩不下几句好话了。进入有意识的无能阶段，虽然还有抱怨，但我相信我会成功的！"	吃老酸奶把我变聪明了蒙牛看我多挺你	之前几次买的苹果还不错 这次的有点小！
品牌商品，性价比高，控油效果好，给力。	金属质感的，不过发现也不是很大一个。初步看了下，没发现有点。	昨天搞活动还没今天的价便宜？昨天刚买今天就降价，搞活动的还贵是吧，	喊抵制日货的傻逼们你们今天的蒙牛喝了吗
到手空间可以自己算的，可以自己买个存储卡。不一定非要买大的平板。挺好用的，分辨率也可以。系统也很流畅。值得购买。越用越喜欢。	优点：1.地理位置好。在西街的入口处，离汽车总站步行5分钟之内即到。酒店对面是九九自行车行，不过通过携程订房酒店提供了免费自行车。晚上还是比较安静。酒店对面的黄记玉米汁店的玉米汁非常好喝，又浓又香。酒店的旅行社可安排银子岩半日游，很方便70每人包含往返交通，导游及门票。2.浴室的热水还是不错的，水量大温度适中。3.整体服务都不错。缺点：1.观景大床房的床非常硬，不是很舒服。2.酒店没有电梯。总之来阳朔玩这里还是不错的选择。	好好好好好好，五星	买过好几次这个品牌的苹果了，这次太失望了，整箱苹果的果蒂部分都是软的，一按发现腐烂了，最后整箱水果全部扔掉了。好在价格不贵，但以后不会再买这个水果了。
500毫升感觉挺小的，不过总体还是很实惠。    一收到马上就用了，效果杆杆的，柔顺不掉发，头发像喝饱水一样有弹性。    比那个百年润发强多啦，修复了干燥毛糙的头发！	书名很好，内容不觉得有多好，感觉适用于青少年教育，不适合幼儿教育	这一套和我在商场买的气味很不一样，一直在用，有比较的，用这一套洗完头发没有用原来的洗完头发顺。上京东，还是买家电可靠	完全的假货，味道完全不一样，只有赠送的小瓶的味道才是对的。说什么升级全是假的。我洗了两年的沙宣从来不是这种味道。而且洗出来头发是很粗糙的还打结，以前在超市买的洗出来头发很顺滑很香。这个洗了头皮发痒，晚上睡觉头皮痒的根本睡不着。第二天起来满头的头皮屑头发还超级油。好评都是刷出来的吧，没想到京东自营的也卖假货真是呵呵了。要求退款但是用过的还要有检测报告才能退。真是醉了。大家最好不要被好评骗了。就当花*买个教训。
宝贝收到了，看上去很不错，还没开始用，好香，喜欢	：1、数字/拨号键置于屏幕两侧，比较酷！2、屏幕大，看不费眼。3、内置收音机时尚功能。	货收到，东西不错，物流特快，点赞，洗发水还没用，应该不错。	我一直都用清扬洗发液，这次特价，多拍了些，相信京东商城，下次继续。
快递给力，用着很舒服，大小正好，从安卓换成苹果手机，买来玩王者的	发票呢？怎么没有发票？两次买东西都没有	不实用，电池不耐用，用不了两个天	给我老婆买的苹果烂的？？ 还隐藏起来？？6666
之前没也没去商场看  没想那样轻巧  很喜欢 换了XP  速度很不错 普通的使用绝对没有问题 独立的128显卡 玩一般的游戏都可以应付	面料柔软，这个价位值。老公穿上非常帅	酒店位置没说的，很好!就是大堂稍微小气了点，还有房间的设施也老旧了一点，比起刚开业时的那种感觉逊色了很多，不过还是挺喜欢这家酒店!	"有法国人的浪漫,就是现在又降价了,郁闷"
样子超酷，用起来狠狠的顺手，性能超好，256独显，做3DA都错错有余。好本子，在这个价位华硕最值得本子，强力推荐	今日营养小知识，夏季家人胃口差，主食和菜一起食用可以避免因为吃饭太费劲而不爱吃饭，对付不爱吃饭的熊孩子，可以卷在一起，让他一口接一口的吃下去，只是，这道菜虽然爽口，却能量不高，虽然适合夏天食用，但缺少营养，所以，加入牛肉酱，一起吃了牛肉，宝宝们就荤素搭配了，当然，没有牛肉酱也不要紧，再菜中打入一个鸡蛋，加一点点盐，也可以同样美味哦	"宾馆很豪华，周围环境很好，适合度假。但酒店服务很差。五星级宾馆的大床间竟然没有宽带。早餐也很一般。免费注册 网站导航 宾馆索引 服务说明 关于携程 诚聘英才 代理合作 广告业务 联系我们Copyright? 1999-2008, ctrip.com. all rights reserved."	"房间象80年代的路边小旅馆.通往3楼餐厅的路上,污水横流,黑色的污渍随处可见.房间连电吹风都没有!也没有免费的矿泉水和茶叶包!电脑桌下面的地毯上黑色的污渍到处都是!!更好笑的是,有时打51(前台)后得到的回复是你找52(客房部);然后52又说你找51!!整体而言,还是国企的做法."
收到裤子了， 物流特别快， 比想象中的好 ，简单大方， 送给朋友的生日礼物 朋友说布料特别舒服 ，比实体店卖的还要好 ，以后还会再来关顾这家店的 ，真是实惠又好看！	还好吧！感觉用起来还不错	买了两次送过来都是漏的，京东包装能不能不要这么随便啊，盖子又没有拧好，随便一碰就弹上来了，所以才会漏了。因为急着用所以就懒得退换了←_←希望平时包装的时候坚持清楚填严实些吧，运输途中摇摇晃晃很容易弄烂咯！	又被京东忽悠了，利用我对京东购买程序不太熟悉，618买个高价手机。店大欺客，恶心！恶心！恶心！
屏幕很大很清晰，看视频追剧超爽，速度快不卡	蒙牛赞助	一般般，一般般，一般般，一般	硬盘分1个区实在无法接受。随机的1G内存上vista很吃力，加了2G后飞快。 Vista下无法分区，分区软件都不兼容，没办法换回了XP。
一直购京东超市苹果，靠得住。味道好，新鲜。吃完再买。	第二次入住，酒店的服务还是一如既往地好！入住的时候，一杯香浓的咖啡立即奉上（冬天是姜茶（喝过），夏天据说是酸梅糖）；在前台要求借用电熨斗和熨衣板，结果人到六楼的时候，服务员已经送到房门口等了；开夜床的时候有送果盘，上次入住的时候被送过小毛绒玩具，这次没有发现，就问服务员，结果解释是一天送小公仔，一天送巧克力，当天送的是巧克力；由于我这次只住一天，就试着问服务员能不能给换一下，没想到服务员马上就给了两个，而且巧克力照样留给了我，真是温馨啊。	华为很不错但得更新系统就没有联不上网络的错误	苹果真的不咋地，外观很垃圾，与图片不符。吃起来亢亢的，水分丢失，建议大家不要买
同时买了梨和苹果，物流很快，态度非常好，现场开箱验货，梨很甜，超级喜欢！好评！	"看过<穿PRADA的恶魔>后,再来看这本中国的时尚界小说,感觉只有一句话,首先要生存,再来谈其他.眼看他鲜衣裘锦,眼看他香车美人,眼看他黑眼圈苍白脸,眼看他从单纯走向城府.是不是职场都是这样惨烈?公平地说,在这样的环境下,人一定会变聪明,能力一定会短期内得到极大提高,从另外一方面说,这真的是好事."	苹果非常新鲜，像刚摘的，京东保存的真好，一个坏果也没有，感谢京东物流小哥	"联系了退货,一个月了,也没人搭理我,郁闷...."
618囤货，很实惠，送货速度也给力，给京东点赞?	第一次非常不满意，收到的时候瓶已经打开了 洗发液漏了很多！！！懒得扯皮了，下次要注意	不甜，颜色也不好。个数不均匀，有的太小了，而且这次物流也不快，总体都感觉不好	不是很满意的一次购物 声音还特小 送的乐视会员 根本就兑换不了会员 一星都不想给
外观厚重，很有IBM早期的感觉，个人感觉外观男女通用的啦，很沉稳。 性能很好。配置实在。最主要的是价格实惠。一般上网用用没问题了。 发货很快，昨天12点发货，今早8点到了。快递人员和我的京东客户经理服务都不错。	很好，使用很流畅，没感觉有任何不便。	环境还行。服务质量不高～～前台接待员缺乏礼貌用语， 行李没有服务员运送，也没有导行的服务员。 进了酒店要自己做所有的事，包括找自己的房间。	不好用 好油啊 太失败了 灰灰
苹果包装很好，口味也不错?，就是稍小了一些。	这个平板买来才知道没有给皮套配赠，网上写的是有皮套和贴膜。我给客服说了情况。客服说没有。那为什么网上用红字写的送专用皮套十专用贴膜2张？	太小了，真的是太小了。我也是无语了。下次不会再光顾了	什么垃圾衣服啊，看着薄，但是穿着不透气，好**热………………气死我了?
买之前问客服13号有没有优惠，说没有，于是我下单了，那么你说说赠皮套是怎么回事？还有就是我要的银色为什么是金色？京东现在唯一好的就是物流了！	两箱苹果坏了十四个，一个箱子都破了，只有一箱好些。	这苹果不怎么好，我吃了三个，其中两个中间都坏了，还苦，有一股特别的味道，不好闻	太不好了....假的吗？头皮屑跟下雪似的！本来一点都没！！可以退货吗？疯了
跟卖家描述的一样，非常满意，性价比很高，质量真的不错	这套书三册，非常精美，内容也很好，我七岁的女儿拿到书后，坐在地板上用了二个小时读了一遍，喜欢得不得了。然后就将它们放在了床头，时不时地翻看一番，还经常问我想知道什么动物的知识，然后给我讲解，俨然是个行家的样子，可爱极了。她问我有动物百科，一定也有植物百科，我说一定会有，我会再给她买一套植物百科。不过这套书附的光盘我女儿拒绝看，她更喜欢自己阅读文字。	入住时已经是下午1点，被告知房间还没准备好，要求我们等待……晕！ 没有预订的房间应该升级房间嘛，仍然没有，不想等待只有把我们订的大床房改成了双床房才能入住！ 然后，浴缸排水有问题，快速洗澡也能积半个浴缸的水，马桶也不太给力。 电视很多雪花~	悲催的幼儿牛奶，未来星，蒙牛都不愿承认是自己的产品，好小的蒙牛
质量不错，面料好，做工不错，穿上挺舒服的，大小合适	不错，京东送货速度快，值得购买！！！！！！！！！	味道还是甜，口感的确很好。就是果子的形状有点难看，东倒西歪的。在超市里没有这样子的。	真是便宜没好货，苹果的颜色很一般，也不怎么甜，说的直接一点，就是很难吃。以前在京东上买过其他店家的苹果，挺好的，但这次买的真的非常差，说多无益，本人已经愤怒。下面有图有真相。京东，请做有良心的商家。
进房的第一感觉就是窗户很大，视野非常宽阔，仿佛就是挂了幅画在墙上似的。各种设施比较齐全，有点遗憾的就是房里没有大灯，可能另有考虑吧。	标配的内存是2条1G的三星内存，把两个内存插槽都占了，要升级就要浪费1条标配内存，如能改为单条2G就更好了。Vista不好用，我升级到3G内存都不太够，同样的成本还不如预装成XP。	晚上洗澡没有热水 打了两个电话才说楼上在装修热水上不去 说是可以调换成低楼层的房间 既然酒店在装修肯定不是一天两天 在给顾客安排房间的时候居然没有考虑到 另外退房的时候 办理手续也是慢的要死 开个发票能开二十分钟	买了四件背心，四种包装。两种吊牌。背心上到处都是线头。联系客服还好牛，反复就是一句话，不满意就退货。
性价比太高了，同学一个月前在数码城买花了3800，太超值了。CPU是奔腾T4200的，基本上是4000左右本的标配，强烈推荐	总的来说酒店还是很好的，有机会还会住该家酒店。早餐很丰富，而且还是免费的，吃起来很爽，唯一的不满意就是嘉宾楼离前台太远了，要走很长的一段路，在嘉宾楼很少能看见服务人员，想要询问事情非常的不方便	"前台服务态度非常好, 房间大小清洁也都不错退房当天早上才通知延至下午三点退房也ok.离万象城近有机会还是会入住."	买贵了，京东价格一直在变动，买的时候1888现在1868，而且这个价格买这款产品确实不便宜，建议大家看好再买
之前在木宝买过花花公子的裤子，质量可以价格有点小贵！这次刚好刚好赶上京东秒杀，提前选好，放入购物车了！设置好了提醒！秒杀成功！物流稍微慢了一点，应该是中间清明节的原因吧！手感挺好，期待在穿上之后的感觉！	看上去挺好的，没感觉现在换了联想有什么大的变化。不过帮人买的，也不是我用就是了	有通话与无通话区别，指电话功能哦。其它性能一样一样滴。	不知道是什么原因～洗了这个我都过敏了
给爸爸买的裤子，物流很快，收到裤子后立马拿上看了半天，质量也很好，没有线头，手感也不错	东西还不错    自己装起来了    希望能用久点	这款还没用过哦，带用过后来评价，京东买的还是很放心的	jb，太垃圾了，上当了。
包装严实，开箱检查后未发现磕碰损伤的，物流也挺快，苹果颜色挺正的，就是比比想象中的略小，而且也没有跟颜色匹配的甜味，还好性价比可以，总体满意！	分门别类的介绍了很多外敷、内调的方子。正在按书中的一篇治痘痘，期待效果。觉得要是有些方子能增加一下详细的使用方法就好了，如一天用几次，敷脸的话大概多长时间。痘痘篇中有很多外敷的面膜和洗脸的药粉，尽管开篇介绍了痘痘的分类，但在这些上没有阐述适合哪种痘痘或所有痘痘都适用。还有不足的就是吃药膳也要分体质，书中之介绍了药膳的材料，做法，作用，没有强调哪些人不能吃，那些人减量吃。	按照推荐尺寸，完全偏大。给老爸穿了。	乱标价昨天买成1白2 时9，今天就11g 搞什么名堂！
还不错，有水果送，房内有电脑，而且早餐还可以，房间比较大，水龙头旁有饮水龙头，基本还是很满意的	最早接触寂地画是在《新蕾》上，后来满心欢喜的买了她的第一本画集《我的路1》很喜欢那种温暖的画风，也很喜欢配画的文字，很细腻，有哲理，让人感觉温馨。后来她出的每一期都买了回来，用四叶草的包书纸包好，这次这一套买了是给朋友的，。朋友看到我有一套《我的路》也很想要，所以让我帮她买。开始会担心里面的附赠品不知道会不会有，看来是有的，朋友收到了很开心也很喜欢	外观很好很精致，电池续航时间很长，买回来一直在装软件、上网更新，四个多钟头了电池显示还有百分之三十多。另外这一款包装箱里面也带有一个“内胆包”的，不过很薄很简陋，就跟一个薄布袋子差不多。	才买回三天就破屏，是泥做的吗？怎么破屏都不知，真的很受伤。不是刚化玻璃吗
送给老爸的礼物，他用起来挺好的，就是有时候有些卡	"多种拍照方法,快拍,矩阵拍照,30种相框等等,100万像素,TFT屏超清晰通话音质不错"	又小又难看，看上去已经放置很久了。看来京东的生鲜不怎么样。	用了一段时间，真心不好用，本来我不起头皮屑，现在满头头皮徐，恶心死了，天天洗头，用了几回不用了，慎重，想好再买
给家人买的，说运行很流畅，挺喜欢的	我女儿快四周岁了，半年前在当当网上给女儿买过幼儿神奇贴纸3-4岁的书，当时女儿并不太感兴趣，于是耐着性子帮她一起把3本书给做完了，但是最近她却把那几本书又翻了出来，还把以前贴好的贴纸撕下又贴上，还对我说：妈妈，我喜欢贴纸的书。正好女儿的生日快到了，我就又订了一套幼儿神奇贴纸4-5岁的书送了给她，拿到书的女儿每天都盯着我要我陪她一起贴纸，可高兴了。	真的不怎么样，给女人友买的，就这样，失去信心了。	裤子跟实物相差很远，不透气，热。上身效果太差了。
不错的 运行流畅 快递很给力	裤子非常好，我前段时间是买过一条的，这是我在这家店买的第二条，质量是绝对没有问题的。穿一段时间吧，过段时间在买。	发货很快，就是收到书的时候太失望了，一看就是盗版的，质量太差了	第二次买了，第一次还很好，二次买就出现有坏的了！有一个根本没法吃了。
"送到很新鲜的，还是凉凉的，常温保存了两天也没坏，价格也实惠,非常不错，会回购。"	裤腿太细，穿不上	就买瓶洗发水一共用了7天！！！ 用京东这么久第一次这样评价的！	连个包装都没有，收到货一看共3瓶，两瓶都是开的，这都什么跟什么呀
还行，有那么一两个被磕了，应该是运输中碰到的	面对大海很舒服.周围环境也很不错.客房也就3.5星.早餐也实在没档次.	价格高，质量还有问题，不管你干什么，声音要等将近半分钟才出来	还有比这个更小的嘛，还让我说什么，垃圾
很喜欢16:10的比例，看电影舒服	很好，很强大	感觉一般般 不是非常好	送货员态度非常好，物流给力，就是洗发水不好，竟然没有封口，感觉是别人用了再发给我的，看图说话吧，
和描述相符，物流速度很快，做活动买的，挺划算的	正装裤子，穿上很时尚，有弹性，朋友看了都喜欢	第一次看到青山七惠的《一个人的好天气》是《青年文摘》上的一段节选，当时就觉得笔下的文字如涓涓小河流淌进心里，淡淡的名单是挥之不去。第一天拿到书的时候，一个人坐在图书馆的沙发上，读着读着就忘了时间，不自觉的觉得自己就是女主角，一起经历着这一年的春夏秋冬欢笑痛苦哀伤，五味陈杂生活就是这样，慢慢流淌，遇到该遇到的人又各奔东西，留下无尽的怀念和记忆，美好而感动	上次入住时对这里的豪华自助早餐印象深刻，记得二楼四面环绕有三面都有各式各样的食品，中西皆有，琳琅满目，所以特别给家人推荐了一下，结果这次没那么好了，只有一面有食品，东西也少了很多，害我没面子！服务还是很不错的，下次有机会还会来的。
很好用，买了两瓶了，价钱也合适，比超市要便宜些，还送货上门，真的很方便，都不喜欢去超市了	看了池莉写的自己从孩子出生开始就给孩子创造的环境，让她的孩子长得成功 骄傲，真是了不起。我也是刚刚做母亲的人，对如何教育孩子深感迷茫，自己就是应试教育的产物，天天埋身于书山题海，到头来还是在一个普通学校做老师，那个时候就很痛恨学校恨老师，现在也不想让我的孩子重蹈覆辙，但是如何去做？是否成功，这本书带给我新的启示。非常好看的书	可以，不错可以，不错可以，不错可以，不错可以，不错可以，不错可以，不错可以，不错可以，不错	环境一般一般，服务可以，早餐不怎么样，周边环境乱
质量还不错，挺好用	为什么没给我保护套和钢化膜	物流慢，裤子颜色与图片严重不符	这是在京东购物最恶心的一次，洗了头发居然打结，一星都不愿意给。京东快递员值得给五星
秒杀的很便宜，还送了两小瓶，很实惠的，相信京东商城！	洗起来一点都不好洗，洗完头发还油油的	垃圾，很不方便换卡，被我换了十几次后没用了，据说换一个要一百六，我无话可说	京东最不愉快的购物了，才买回来，就洗了，严重掉色，洗了好多次都还在掉，虽然便宜，倒不至于这样掉色吧，洗个裤子手都能染黑，没法，差评。
仙美XM 苹果 烟台红富士 12个装 水果新鲜，又脆又甜小孩最爱吃，特别点赞物流员罗后彪服务态度真的很好	做工不错，就是黑框大些，总体还行。	"本人住过国内外酒店过百家,在珠海都住过好几家,我们4大2小于国庆节入住这家挂牌四星公寓酒店的豪华三人套,现和大家分享一下：好的方面:1.酒店是由几座商品房改造的,外部环境不错,绿树成荫,房间面积大(2房一厅);2.酒店的康乐活动有保龄球,高尔夫球练习场,网球,游泳,等等,(须另外收费);3.酒店的停车方便,而且不收费;4.客房内的食品价格不高，5.服务态度好,服务员会带客人上到房间,并介绍房间设施,入住和退房较快.不好的方面:1. 设施不豪华,只能算舒适,客房内的厨房如要使用另加30元一天,2.客房内毛巾清洁的不够专业,床和床上用品质量普通，3.客房内的保养做的不足,如睡房内的床头灯不能调节光度,4. 如有小孩的,睡房内的窗户打开后一定要小心,因为窗户距床很近,不要让小孩子一个人在床上玩(酒店方面应该要有提示,或将窗户做成只能打开15-20厘米).补充点评 2008年1月11日 ： 总的来说,这个酒店的硬件最多3星水平;最大的好处是周边环境比较好."	东西可以，就是说话和放屁一样
蒙牛新养道真不错，这款适合女性。	苹果估计把最小的全部放在一起了把	洗头发效果不好，之前使用海飞丝没有头皮屑，用了潘婷后就有	我又一次用我的肠胃证明了伊利是不能喝的，目前只测出了蒙牛和伊利是有问题的。在不加热的情况之下，这两种牛奶连着喝3天，每天200毫升，我绝对会拉肚子，无例外情况。是我太脆弱了，还是真的伊利和蒙牛还存在问题
早就不买蒙牛了。垃圾企业	口感很差，酸酸的，劝大家不要买了	锁边机，底线跑得那么厉害，质检干什么吃的，，买两条都是这样，坑，	严重缺斤少量估计才2斤多。商品标的是4斤。左右。这个左右到2斤去了。呵呵呵。大家买的时候快递员一定要称重
系统运行良好，界面较流畅。部分优化仍待加强。 电量超耐久，充电速度适中。 摄像头和显屏分辨率一般。外观做工尚可。建议厂家提供贴膜，避免划痕。总体来说值得购买。	房间一般，隔音感觉不是很好，地理位置不错，就在江边，靠江的房间开穿远眺就能看见大佛。服务态度餐厅的比前台好很多，早餐品种少了点。	还可以，用一段时间再看看。	没有发票啊！电子产品怎么可以没发票，要是出质量问题，找谁去！！急！急！急！京东：没睡醒嘛？？
给家里人买的 很好 足够一个人用的	地理位置很好，在房间的窗户看杭州夜景很美。交通非常方便，四通八达。服务态度也还可以。就是房间里的装修有些旧，尤其是电视机卫生间洗澡的水龙头很旧真怕弄坏了。房间里的东西买的也很贵。	东西还行，分辨率低，摄像头low，但给小学初中的孩子或者老人玩还是可以的。客服简直了，我以后不在京东买华为的东西了。	一年前住过一次。这次感觉卫生间好像改造过了。可实在不咋地。洗脸台盆落水是漏水的，毛巾又破又脏，地毯上污迹斑斑。哎。
酒店是四星的，服务不错，晚上还送点心。酒店的设施是按四星标准，但可能时间比较长了，设施有点老化，显得比较旧了。不过整体来说还是不错的。	"买这套书是被它的题目所吸引了,孩子的爸爸因为工作忙很少陪她,所以想让她爸爸有空的时候给她读来增进他们之间的感情.结果很好.第一:有爸爸和宝宝一起分享故事中的喜悦,宝宝非常开心;第二:书的内容很丰富,教了很多生活常识,语言优美易懂;现在每晚我们一家人都会按书上介绍的做一些游戏,在快乐的游戏中让宝宝学会一些她所需要的能力.回复|查看其他用户评论(2125)|举报00还没有人对此评论进行投票。"	快递小哥送的挺快。但苹果说是80mm，小的很，前一天同事买75mm，吃还行，下单买的，没想到今天收到的比同事还小，真是失望。	奉劝大家不要买，看了评价说很好，买回家一打开小的可怜，用勺子五勺就吃没了，还没苹果大呢，包装看着可老大，一打开这火龙果还没巴掌大，大家还是去水果店买吧，别再上当受骗了。原以为京东直采有多好，整了半天就这玩意，在水果店都不带买的，小的都想哭。
商品与描述相符合，物流信息也很及时。	这本书不太好，不吸引孩子，里面的情节过于松散。	反应贼慢！！机芯也太强了吧！买它等于找到了心痛的感觉！！	掉色严重!不要买
以前在实体店买过才在京东上买的，不过感觉不像真的。刚洗完头就很痒，头上还有白色的小粒粒，以前都没有的。替换装还没用，准备重新买了。以后日用品还是要在店里买，有点后悔，双十二实体店和网上价一样，都打对折，就图方便，现在有点小后悔。	京东的客服很差劲啊，物流更是差劲	少发了手机护套，连小音箱都没发，家里人收的，我准备退货的	香蕉都皱巴巴吧 一看就不新鲜。。 广大朋友不要在被骗了
收到宝贝，质量好，是正品，穿上舒服，满意这次购物	很实惠！特别感谢，媳妇用了。是真的，618买。真划算！！特别是快递小哥，服务特别周到。给京东快递小哥1000分好评	我不知道网上评价这么高是怎么来的，办理入住的时候前台全程没有看过我一眼，更别提微笑服务了，房间设施陈旧，马桶盖上还有头发，淋浴房的地面水渍也没擦干净，其他地方我不敢想象。走廊上遇到工作人员也不会跟客人打招呼，都是扭头就走的。办理退房的时候，仅有一个人，退房的客人都排到4位了，后来才有另一个工作人员来支持。我后面退房的客人还再投诉昨天晚上看到蟑螂的情况，工作人员也不回应。这家真的是四星吗？以后要考虑不通过携程，而是其他途径订房了，毫无公信力。	住的豪华标间，房间不大，设施还可以，液晶电视，同时做为电脑显示器，不过设计有问题，使用不太方便，无线键盘不太好用。总体还行，没有住过其他酒店，性价比无法评论。早饭一般，旋转餐厅，选择比较少。
京东配送就是快，货物很满意。	果然必须榨汁，只能榨汁，苦的不行！	坑爹蒙牛代言人	买了三种苹果，见图最上方是美域高75mm，中间是宏辉80mm，最下方是佳农80mm，美域高口感最好，佳农第二，宏辉无论尺寸和口感都不如佳农，并且外观看肯定是杂交种不是红富士，不会再买
平板到手差不多有半个月了，说说体验。看视频确实很过瘾。画质清晰，音乐及外观都不错。	质量特别好，挺厚实的，不掉色，不起球，这是买的第二条啦！身高一米八，体重二百一十斤穿最大码特别合适。	酒店卫生较差。	床垫超烂，房间内烟味非常大，不会再来了
行政房确实不错，服务好，房间也舒服这个价位真?	商品很不错，个人很喜欢，面料超舒服，以后还会多来购买。	快递不错，挺快的，东西没有损坏，包装好，还没用希望洗了感觉好	第一次买沙宣洗护套盒，期待！！！
京东送货还是好快，平板很不错，比我想象中的要薄一点，棒，好评	对葛翠琳这个名字并不熟悉，可是，野葡萄的故事却记忆犹新。儿时的回忆。难得有叫人记那么久的中国童话（不包括神话和民间故事）。现如今做了妈妈的我们这代人，儿时传看的多是长袜子皮皮、矮子鼻儿、魔椅、看不见的小妞等等耳熟能详的国外童书大家的作品。并非崇洋，实在国内的儿童文学作品太少。小时候订了数年的儿童文学、少年文艺，可到如今能记得的，还多半是外国的作品。不过，野葡萄，是记得的。	缺点：服务员太少，忙的时候能排大队，用餐需要出酒店到外面吃，索性还不如不提供早餐呢，房间狭小，卫生纸供应不充足。优点：交通方便。	电池太渣，给一星都多了
设施要比以前差了，要改进。希望有进步。时常客人来	不好吃，不是很甜，有点涩，没有仙美苹果好。	销售手法不当，预售，订金，白条的没合理安排好。以后不知会否再光顾。建议各位小心。。	送给老丈人的手机，没想到用了一周就没声音了。这让我何等的尴尬？邮寄耽误什么的还超过14天就不能换了，只能修？我花钱难道是想买一个修过的残次品？我非常不理解，为什么这么短时间，硬件坏了，为什么不能换新机器？我真的觉得这样的体验很差劲。值得一说的是维修的人还是很客气的，他们态度不错。整天说，支持国产 支持国产。让我们消费者怎么安心？
很好的苹果，一直在购买这个品牌	虽然唔中意蒙牛 好多年无饮过 但系 这是不同的 多谢	"以上的评论太好,让我有购买的冲动,但我看过后,还没有<不生病的智慧>好呢"	裤子一般，但老板没诚信，说好的买两条送皮带，结果收到货时就两条裤子，和客服沟通，却一直忽悠，最后竟然可以发个假物流单号，无语，这样做生意，作死
酒店大堂达不到四星，房间一般，也达不到四星标准，服务员没有礼貌。	这条裤子的标签怎么那么旧！！！	早上起来穿裤子，竟然从我已经穿好的裤脚里爬出一只蟑螂。 昨天入住的时候前台跟我助理说第二天不要续住携程订单，改成他们协议价格，结果当天晚上我助理就没有续订携程。但第二天早上去前台续住的时候，告诉我，我住的房间规格更高，价格涨了。这和敲诈没啥两样。	很不满意，很薄，没图片上看的实在，平时我买的都是两个加的很合适，在这买的两个加的确大了，*
手感不错，音质很棒，日常使用足够了	二月份买的滋源，说说体验，因为用了很久所以才评论，感觉真心不是很好用，而且我买的还是适合油性发质的，洗完之后头发油油的，跟没洗一样，这点很无语，难道生产的时候都没有找人去做测试吗，不知道是不是我的发质不适合，而且卖的价钱并不便宜，感觉使用体验很差，以后不会再购买	假货，用了三年的沙宣 ，这款跟以往用的不一样，洗完头发不滑。	有股刺鼻的味道，还特别脏，差评
衣服是正品，很合身，也很暖和，值的	东西很不错下次还会继续光顾希望以后这样的活动越来越多京东快递非常迅速第二天就到货了	1、香味。沙宣洗发水味道越淡而且接近自然的味道，清淡不冲鼻，而且用之后持久幽香;2、泡沫。一般好的洗发水很好打泡，用一点点加一些水就能起很多泡沫，而且泡沫越细越好;3、细腻。越好的越细腻，不会存在疙疙瘩瘩，而且膏体连贯，粘性大，流的时候粘粘的，流动不快;也有极少数的发水添加了植物或者生物成分，并引起不连贯效果，不过这些成分对头发是非常有益的。	华而不实，失败，刚开始不错，过了一个星期卡的一逼！王者荣耀经常卡，以后再也不买华为的手机！大家看p10造*，偷梁换柱！
看着很高档 用来送人自用都不错 用券买的很划算 就是毛巾线头微多 是纯棉的 浴花手感也不错 10块2盒很便宜了	百搭色，比P图色深些，可能光线的原因吧？修身款，裤长点，电商说直筒，试穿下带小脚铅笔，赞?！	酒店太旧了，一股浓浓的味道，去机场还算方便，有专车，价格便宜	最最关键的是不怎么样啊 到处是线头
电池比较耐用，相信华为支持国产	第一次用京东，超级满意的一次购物，赞！	价格还可以，实惠，日期好，有效期长。在APP上搜无硅油，但到货显示好像不是无硅油的，也不在意了，那么多年有硅油的也用了。	上面2层还可以可底下一层质量差还不好看！
这就是京东的包装送货。	不甜 不如之前买的好 不会再买了	里面什么也没有，像素太差，感觉跟翻新机一样	被坑了，不是说都是洗发水吗？
这个很凉爽的夏天用，看到有活动199-100就果断下单啦哈哈…	还没用，刚好有活动先买了囤着，用后再来评价	刚那到手还么试穿。裤子的纽扣就是碰了一下就掉了。我也是醉了	裤子又大又长，那里像休闲裤，妈的，还修身呢，真是够了
设施一般，房间感觉比较潮湿，被褥都是如此，唯一比较赞的是自助早餐不错，真心不错！	618活动买的，还没开始吃，包装很简单，618活动造成物流太慢了，还好没坏掉	隔音太糟糕了，早餐也不咋地，但是价格还行	快递速度可以， 有一个坏的，又不新鲜差评。
力荐《白蛇》这个故事，源于一个传说，白蛇为女，青蛇为男，两人约定，青蛇胜则娶白蛇，否则青蛇变女服侍白蛇一辈子，果然青蛇输了，这才有的许仙。背景是文革，女孩爱上了表演白蛇的舞蹈演员，女扮男装接近她，最后两个人在夹杂着一丝恶心的留恋中各自结婚。写得太棒了，分为了“官方版本”，“民间版本”，“不为人知的版本”穿梭着讲述了这个敏感时期的敏感故事。推荐！！！！！！！！	好吃，放在冰箱里想吃拿出来就吃，这个天气好爽	电视看看，也就罢了，内容其实与我们平常所了解的没有多大区别了。	面料是化纤的，很不舒服
买了第三次了，苹果非常好，脆，甜	1.左右方向键略微偏小，手感稍觉不佳。2.屏幕颗粒感比较明显，显示效果比较一般。3.不支持储存卡扩展。4.最长才支持10秒钟的有声视频拍摄，鸡肋也！5.待机时间一般情况下只有一天。	我不是来刷评价的，只是用事实说，WiFi接收能力不太行，轻微卡屏，像素一般，其实都没啥，主要是既然是电脑，联网能力不行，说啥都是扯哎～	"分辩率不怎么样；自带铃声太难听,又不能下载；背景用日历,日期会变,星期不会变；如果定了闹钟,将电池取出后,时钟会卡在闹钟的时间上,装上电池后,闹钟也不会起作用,要重新设置才行；有时会出现白屏,重启一下好了。"
京东正品，非常喜欢，很好用，又便宜，送货速度快 ，不用自提 太给力了。京东正品，非常喜欢，很好用，又便宜，送货速度快 ，不用自提 太给力了。京东正品，非常喜欢，很好用，又便宜，送货速度快 ，不用自提 太给力了。	宝贝收到了，是我想要的版型，质量十分好，这条裤子的颜色跟图片上一样，是我想要的颜色，总之，是一次很愉快的购物	假货，用着和店里买的不一样，头发很干	酒店服务非常差，设备一般，加床是硬板床且收费很高，服务员态度很差，就像没有经过培训，业务也不熟练，根本不像三星级的酒店。
挺不错的，好用还不贵哦，效果不错的，下次用完再来买………………不错………	太小个了，味道偏酸。物流很慢。有两个有点坏。总之来说一般般。	服务态度差	买完就降价，欺骗 消费者，垃圾
样式不错，质量很好，面料很不错，值得购买	为什么把卡放进这部新买的手机就打不了电话，也接通不了？为什么换别的手机就可以？这是为什么？	售后不搭理人 苹果12个里面有2个坏的 把图发给售后也不回复 这是多少的比例啊 果然是给了钱 发了“货”就完事了	我先不说苹果大小，评价说水分多，多吗，口感还不如两块钱的地摊货，中间还有坏的，妈的我精神损失费谁赔，店家只要把我吃的那个坏的吃了我就不用他们赔
对喜欢的书有一种嗜好，必须在得到它后马上看完，这本书也不例外。之前买过的书没有想过要评论，因为没有某种感情催促你这样做，可是现在我想写下关于我对它的感受。封面是很吸引我的原因。感觉像是炎热夏日的一道降温剂，很清新的感觉。每个人心中都有属于自己的“摩天轮”，那是她永远到达不了的地方，那一段一段开始的独白。每当仰望天空，仰望摩天轮时都会对自己说：巴黎在等你！推荐给大家   你会爱上它！	商家服务态度很好，衣服质量刚刚滴	装系统太麻烦了。。我装成xp..换了n个版本都不成功。。最后还是换成vista..据说要要刷bios..还是算了。。	无语了，说是做活动269减100，结果刚到货，现在居然卖159，忽悠人啊……不是真心做活动，就不要做……这样有意思么？
裤子很好 正合适 和上面描述的一样 质量不错手感也很好 最关键的是穿上舒服又显得大气	裤子很合适，哥哥很喜欢?，希望可以穿很久，下次再来买，客服态度也超棒，物流也蛮赞，总之是不错的一次购物?	体积轻巧。做工精细。价格低廉。	裤子根本就没有看上去的那么好
晚上下单，第二天上午就到了，物流还是那么快，试用了两次了，不错??，大品牌，有保证	给家里老人的生日礼物，特别喜欢！	东西可以，用着方便	买了六个，烂了四个，这次比较失望
班尼路，质量好，很合身，第二次购买，好评！	正品 一直在京东买 放心 价格还合适	盒子有点变形了机子没坏?但是机子很不错就是华为有点太扣逼了啥都不送???好失望啊只能给四个星！！	快捷酒店的设施，服务也不行， 不推荐。
买给爸爸的，屏幕非常大。也很清晰	京东速度快，次日即可到达。套装系列价格更是实惠	"如果去大同能接受这个价钱建议住这家酒店,房间够大,卫生间的设施很不错!吃不惯山西面食就在酒店一楼的拉丁餐厅吃自助餐,菜式很好."	价格和店里差不多，主要不是价格问题，是水果干瘪瘪的，破烂箱子兜来的，郁闷
早就想买M3了，犹豫再三还是在华为旗舰店买了，就是图个放心是正品，正好今天便宜了100多块，咨询很多问题客服花雪都热情的回复，态度很好，很细心，下午2点过定的晚上就到了，物流很快，辛苦快递哥了，平板还没有用，不过支持国货，支持华为，相信比较满意。	"我因工作需要长期出差。自2006年12月，每周都要到杭州几天，曾先后住过维景国际、马可波罗假日、中山国际、华美达海华、最佳西方瑞丰格琳、龙禧商务等酒店，但最终把杭州的商务、旅游住宿锁定在最佳西方梅苑宾馆，至今已有一年有余。原因就在于此酒店的性价比太高了，我亲身的经历：刚第一次晚上入住，只认为四星、全球最大的连锁酒店没什么与众不同，但第二天楼层接待、大堂副理、楼层服务员都知道我的姓名，使人感到有很大的亲切感，这种VIP待遇只有在国外四星级以上、国内个别五星级VIP客人才会享受得到的。补充点评 2008年6月4日 ： 姓名杨琥，联系方式MAIL:yang-hu-@163,参加“细节感动浙江”活动"	没有什么特殊的功能。	之前和你们电话反映了，2个问题。1，不接受携程客户用信用卡。你们和酒店负责人确认后，给我的回答是pos机坏了，所有卡不能用，其实根本不是：她们亲口跟我说了多次，因为携程预定的所以不能用，退房结帐时，亲眼看见别人用卡支付。而且，在我退房时，又有新来的2人由于携程预定被拒绝用卡预授权。难道你们宁愿被人骗么，或者和酒店有勾结，不相信你们客户反映的问题？这样，携程会倒闭的。2，结帐时，由于携程客户，不能提供消费明细，发票没有问题。最终临时做了一个给我们。他们解释，由于给携程报帐什么的原因，不能提供。你们之间有什么交易我不管，但不要影响我公司报效要求明细呀。不解决这些问题，很难用携程网了。请重视。
很好用，物流给力，还有不同的赠品，这次买的媳妇特别喜欢，非常棒的东东！	快递小哥很棒，水果也很快就到了，前天晚上12点多下的单，今天中午就到了，挺快的?水果看起来也很好吃，是秒杀啊，一下子买了两箱???谢谢店家的优惠?	颜色不错 穿上很舒服 质量不错	平板挺不错的，要吐槽的是包装，纸箱没有平板大还硬塞进去！
有优惠时买的，真的没有失望，真是又便宜又好吃，包装也很好，都是两层的保鲜网，之前看评价还担心有坏的什么的，我收到的一个坏的也没有，而且果果大小很均匀，都属于中等大小，也感觉比市场上买的好吃，信赖京东，有优惠时会在多买些的！	一直用这个牌子！而且一直在京东买信得过！特别给京东配送员一个大大的赞！因为我们这边下雨还特意给送家谢谢了	我呸！抵制蒙牛！	差评！    打包装盒，瓶身全是洗发水，这都也算了，拧开瓶盖，发现头上坏的，不能抽出洗发水，难道我每次洗发都要从里面倒，瓶子已经坏了现在只能把洗发水倒进空瓶子里面。
一直用这个牌子的！很好用！很香！	蒙牛与伊利我就是喜欢伊利！蒙牛就像明星，宣传做的好，但总有种太招摇的感觉…而且我发现它赞助的大部分是娱乐节目，舒化奶真的好好消化…特仑苏名字好听点，但是为了表示衷心，我下次还是换成金典！	洗完之后头发特别的好 摸上去滑滑的 没有问题 就是洗完之后感觉过敏了 头皮瘙痒 以前从来没有 头皮屑也有点多 以前没用过这个牌子的 可能不适应	比较吵，条件一般，赶飞机还是可以将就下的。
愧为国产高端机，价格亲民，质量很好，屏幕非常清晰，反应速度超快！支持国产支持华为！华为真的很好，很漂亮，拿到手上很方便！	非常不错，一直用清扬这个牌子，非常信赖京东!	1.320G硬盘被格成一个310G，一个10G，够让人郁闷 2.宽似乎比一般的13.3宽屏还要宽	送来 吃了 有坏了 还不如超市买 送货哥们儿不错
二次购买，支持本地企业，可企业也没支持我，给优惠些，还是和第一次一个价	24块6个和23块12个的区别。	掉色太严重，白鞋都染费了，	我就不说国产机的性能了 ，不知道被华为坑几次了 ，复制个东西到一半就断开连接 玩我呢 大品牌不要老做这样坑的事，做不好就不要再来坑中国人自己了
裤子质量超级好穿起来很舒适，洗了也不担心掉色哦！牛仔裤还是要选择不掉色的好！全五分好评！满意的一次购物！	五月底去的， 淡季，整个酒店就只有5位客人， 真是爽。打电话要剪刀， 放下电话服务员就来敲门了， 速度飞快。房间：我定的是湖景房， 窗外景色：湖水＋几幢独立别墅，风景如画。房内较大， 有电脑上网免费。环境：适合谈恋爱， 早上空气好， 幽静， 花园，湖水边走走， 很浪漫。早餐厅环境好， 有view。不适合赶时间的游客。	不能理解京东的物流，关键我问了还没人理！！都不回信息，无法查询！就算最后东西收到了可是服务不满意！	垃圾！！订的单的！！给我发棉的！！瞎了不看！！还说退还是换！！一退一换又浪费多长时间！！
"1.屏幕比较清晰鲜艳.2.DV摄像功能 ,可以把拍摄的片段发到电脑中保存.3.拍照相当清晰,感觉不象是手机拍出来的.4.键盘设计挺不错的,手感很好,按键比较大,按起来特方便."	抵制！不喝蒙牛了！！！ 蒙牛就是一个没有良知的企业。抵制蒙牛！	总共12个苹果就有4个部分腐烂，我买的是80mm竟然夹带2个特小的，吃起来味道也确实不敢恭维，这样对待客户还会有回头客吗？	实物和图片色差太大，线头也多，质量差。这是买的最差劲的一条裤子
宝贝已收到两天了，质量很好，这次够狠满意，安装是我自己安装的，很容易，卖家服务很令我满意，好评。	包装精美，小礼品多多，味道自然清新，很喜欢，下次还来京东	这本书没有写适合的读者群。我买来翻了下，原来是刚学英语的小孩看的。	对京东不满，产品降价了不能保价的，以后看好了再买，对我来说，慎重购买，别给自己找不痛快
这么多年喝牛奶不腻是奇迹，初中的时候每天喝一斤蒙牛，经常喝！每天都喝！而且没创意就直接喝，我一定不缺钙，但是没被三聚氰胺害死很幸运！在牛奶坏名声正旺的时候我妈还天天推荐我特仑苏，完全没有在怕。做人就是简单粗暴的勇气啊~多喝哟~~~	房间条件不错，设施齐全。208的价钱合理。不足之处是隔音不好，能听到外面的车辆嘈杂声。如包早餐更好~~呵呵补充点评 2007年12月14日 ： 最不好的就是八楼的娱乐场所~~~进出人员复杂	沙宣没有以前好用了 我是隔了三四年才用的 用完之后 头发油油的 头皮屑多了 很难用	苹果长的我都不想说，外面包两层，苹果却很小，真是买的最失败的一次，
正品。跟我在店里看到的一样。	腰围合适，裤腿有点长；质量还行吧，查了是正品，年轻人冬天一条裤子都能过冬了，值这个价	简直呵呵了、那几个小瓶的能够一次洗头发的、	不行，没用几天，开不了机，今天换回来，也不知是换还是修的，但显示色彩没以前好，总觉得不行
抵制蒙牛比抵制日货更靠谱。	苹果不错！就是个头有点小，还有就是京东物流现在也开始暴力了，箱子都压成这样。	外观挺好，但是不开心的是我就吃了一个，结果就是坏心的，	隔音太太太太差
比较不错的一家酒店！很人性化，服务满周到。最喜欢的是他们送来的水果。呵呵。下次来还住那！	合身。我非常满意。可以推荐给周围朋友。	假货假货假货，用了再来评价，洗了头超级痒，糟心！！！！已经扔了	买几天价格降*。还说不符合申请价格保护。各种说辞。算了，认倒霉。王思聪说的好，店大欺客。
质量不错 款式很好 做工细致 穿上合适	酒店是相当的不错，房间面积不大不小，关键是我喜欢它装修风格的雅致。我把携程在保定的宾馆都住一遍了，可以负责任的说，亨通财富是个不错的选择。	说送皮带我没收到。骗人的，不诚信。	到货慢，服务差
酒店按照3星级标准建造，建成不满2年，设备都挺新的。总体来说符合3星级的标准。属于凤凰地区最好的酒店之一了吧。就是价格也不算便宜。	酒店老旧，赶飞机只能将就。	买回来之后觉得没什么特色，可买可不买的东东、	今天把手机套摘下来突然发现左下角都没有接紧用手按有明显的松动，无语了已经，第一个小米nite顶配版退货，这个拿到用起来不错就没仔细看，没想到也是有问题的，京东你叫我说你什么好
买了很多次了，真心不错，品种好，价格也不贵，京东品质还是有保证	选择这家酒店是因为第二天早上要去机场 交通位置确实便利 其次酒店班车很准时 这点让赶飞机的人很安心 今年的酒店班车换了新的 舒适多了 以前的酒店班车还有一股浓浓的臭脚味儿 走进房间硬件不够硬 洗簌用品倒是齐全 但是设施过于旧了 卫生间门明显有木头烂掉的痕迹 地毯也有黑一块 的痕迹 床铺算是整洁 电视雪花台太多 几乎就几个频道 没啥可看的 酒店楼下有一个超市 很方便 。酒店设施对于酒店价格 还是有些不合适的。	彻彻底底是假货！鉴定完毕！大家小心！	如果可以给0星那就给0星，刚到手就降了200块，而且是自己不经意看到的价格，价保也没发申请，手机后壳震动明显，就像在扬声器上，声音大，像老年机
华为荣耀中国的品牌支持中国品牌华为荣耀平板在京东上关注这款平板已经关注很长时间了，这次下单买给儿子玩，没想到效果居然这么好，儿子非常喜欢，系统非常流畅，色彩非常艳丽，内存非常大，值得大家购买，相信京东支持京东比实体店便宜很多，下次如果买还在还在京东上面买，支持京东	快递很快，物超所值，质量真的非常好	没有批评就没有进步。新蒙牛将坚持打开大门，为网民监督提供便利，不断改进管理，为消费者生产高品质牛奶	一点都不好，洗完以后感觉头皮好痒，不知道是不是假的
一直用到现在才来评价，效果杠杠的，很合适我的发质。	宝贝质量不错，版型也好看，发货快	好东西，值得拥有！	包装的太简陋，连个包装袋子都没有，快递员就直接这样拿给我，京东是越来越不行了，我表示不会再回购
房间的隔音设计实在是不行，墙壁与玻璃外墙之间明显是没堵好，其他还好。	机器一般，售后服务比较满意，！！	布料差，色差大，	都装的什么鬼，烂成这样，用盒子装都是浪费，吃一亏算了
看着还不错，主要是这个价钱买到这样的苹果已经很不错了，其次就是京东的物流挺快的，这边堵车特别严重，快递小哥依旧送货很快，加油	外观：机身采用了流线型外观设计，其外壳部分并无太多装饰，使700看上去简单大方；功能：最让我喜欢的就是内置的摄象头，虽然象素不是很高，但是对于日常的生活来说足够了。虽然游戏只有2个，但是我觉得推箱子还是挺好玩的，21点也都还好，我是不怎么玩游戏—废电！电话本很方便，尤其是查找，我很喜欢。	刚刚到手的平板手机，还没完全使用，看样子非常好，等用过后再来评价。	我怎么写评论啊，都俩星期了，我的书长什么样还没见到呢！！！！！
很值得推荐的一本书，最初是买给女儿的，同事看到后觉得不错，要我替他们买过多次。	谢谢 的蒙牛超级酸酸乳。给我一早上的精神百倍。	算新鲜，但不大甜，对比潘苹果陕西苹果，还是潘苹果甜。。。	无语！无语！
衣服收到了，很不错，开心哟。男盆友穿正好，还夸我了咧。哈哈。喜欢的朋友赶紧买吧?	昨天我把这套书看完了，结尾我不是很喜欢有点太戏剧了，但对书中的主人公却是最好的安排，我去过新疆，但是因为时间太短加之新疆的地域有点过于广阔所以好多的地方都没去成，看完这本书之后我又有了去新疆的念头，也因为深深的喜欢上了这个帅哥和尚，也找了几本佛经看看，就是有点看不懂，慢慢来吧，小春继续你的写作，我支持你	快递比较慢……到了地区还要等两天	苹果太小了，而且外表看是好的，里面居然是烂的！这品质太差，不推荐！
不错好用。。。。。。。。就是屏稍微暗了些	苹果质量很好，在指定时间送到家。已经多次在京东买水果了，是否很便宜说不上，但是很方便快捷，质量一般来说有保障。这苹果虽然不大，但是看着挺新鲜的。谢谢京东商城，谢谢送货员。	帮别人买的，说用着还可以！	这样的价格感觉还可以
放家里备用 正品，和超市一样的，蛮好的。可以使用一段时间了	1.只有40和弦。这个虽然也是可以的，但是还是让大家感觉有点跟不上时代潮流。2.不能收发彩信息这个就是很让大家不好理解了，为什么这个时候出的手机还没有这个功能。	我就是冲着一个赠皮套买的，下单时可以看到订单里有赠品，到货了发现没有，再看订单也没有显示了，纯是玩技术手段，文字游戏，垃圾商家，赠不起就别说。	简直就是垃圾中的垃圾，料子薄的要死还不如地摊上几十钱的货太keng爹了，    送快递的还不让验货，联系商家客服吧不说我要退货还有反应，一说要退货就没反应了简直就是T妈的黑店
大牌子，好用，很愉快的一次购物体验，好评！	不错的。 非常方便，可以拿到国家图书馆查查资料。电池续航时间非常长，6个多小时。	产品细分策略是值得学习的，王文京个人对客户的那种热情也是值得学习的。不过用友的执行力似乎一般，战略层面的决策都是很好的，但是执行下来并不怎么样，了解用友做的一些项目，评价并不好，甚至包括用友公司的人评价也不怎么样。在中国这样的市场，像用友这种行业地位，他的业绩应该是要到百亿级的，现在还差的远。	前台服务极差！接机服务过1分钟都不等人！就是因为转机才住，看是附近最贵最好的，性价比实在太差。
?好评！?好?好评??好?好评?好评??好?好评??好评?好评?好评??好?好评??好?好评！	火龙果长这样也是醉了，重量全靠把儿来顶。我的称称不起来，到底多少斤也不知道，反正觉得蛮轻的	穿了几次，就破了…无语	洗了头皮痒～感觉像假的啊
京东自营就是好又快！昨天订单，今天送货。喜欢用“沙宣”牌子的洗发水系列，顺滑，好用。用后继续关注的。    若商家再提供手提袋就好了，送朋友很实用哟。    快递员服务好！	说实话，之前不知道有这样一本教育方面的圣书，是我弟弟告诉我的，他说这是一本非常适合我的书，应该好好去读读，对以后如何教育孩子有帮助。弟弟说的是对的，我相信他，于是第二天就买了，过了四天书就到了。书到手后，仔细读了几页，书中讲的关于教育孩子的方式方法很值得去学习。天才不是天生的，但天才是可以培养的。我相信这句话，相信这本书能给我带来极大的帮助。	不说质量了 上边七八处脏的要命 洗都洗不下来	对这个洗发露有很大怀疑，之前从来没有头皮屑，自打用了之后，就开始大批量的头皮屑产生，而且都是特别大块的头皮屑，真的和雪花一样，不能穿黑衣服，衣领每天都是一层头皮屑，更可气的是头皮也开始痒，轻微你挠就是大片的头皮屑开始生成，请给一个完美的解释
挺好的，加上运费跟超市差不多，有时候凑单就划算点	真没想到，山西国贸的软硬件都这么好。服务亲切，周到。只是住的时间短了点，没有在酒店用餐，所以不能对餐饮情况作出评价。遗憾的是，通过携程订的房间明显小了点。已经好几次了。	不错，挺实惠的	卫生真的很差，一进房间就是一股酸酸的，发霉的味道，地毯以及沙发都是很脏的才开业没几年就这样子，说明了它们不善于管理保养!!!以后都不会入住!
除了乐视的会员卡，随机还送有一张高透膜。系统很顺畅，音质超好。一开机就提醒升级到emui5。试玩了一下王者荣耀挺顺畅的。整体刚觉很不错，值这个价钱。	JAVA兼容性不够强，一些程序无法下载，开始以为是手机问题，后来一看是1.0版本的（主流为MIDP2.0）。屏幕不是TFT材质的。	"酒店位置较偏,而且管理混乱.价格过高,不划算."	送的保护套四角全部开裂，才用一个月左右，大家自己看
"东城是5星级的..可是在我看来里房间的感觉跟4星级差不多.我定的是典雅大床房,房间小了一点..不过服务还是曼好的跟香格里拉,喜来登一个档次,很亲切.."	"我就奇怪了,评价这么好的书,我怎么就看不出好在哪里呢?孩子好象也不怎么感兴趣."	抵制蒙牛!	到货时间，差评，我等了一天又一天，我靠，早知道就不买了，物流太慢，还京东自营。
不错的手机，比较流畅，第二次购买了。大屏用着爽。	可存三百多个单词，方便英语的口语学习！电话薄可以添加许多联系人的信息，这等于加了一些内容呀！	真的挺好的	写的一般，完全没有价值，不值得买，买了也不值得看。
按照我朋友的话说，就是这家酒店有着破烂的外表，却是内里奢华的装修。服务绝对的好，从一下车，到进房间，再到退房，都有非常专业的服务生在接待。帮我拿行李，送到房间，开空调，开灯，泡茶。。。。。。而且坚持不收小费！我住的是特色大房，很好，以后去福州一定还来住这个。很舒服，很宽敞，免费3小时国内长途，电脑免费上网，而且游戏齐全，速度很快。	第一次在京东订苹果，平安夜送给员工用。优点快第一天订第二天到，缺点个头小和拳头差不多，放在盒子里直晃荡，为了充数显大只能带着包装纸放。具体看图	这是直板机子待机才2天，短了点哦，如果是两屏的2天也说的过去，人家两个屏嘛X200发件箱里的短信是乱排一气的，不是按时间排的，不人性哦新机子，可软件版本是PA12，拿到KF去，居然被告之没有升级的软件，晕	太小了，去皮后还有一口肉吧，我见过最小的火龙果了，别买了。
所谓商务间和普通间的区别就是多了台电脑，对于自带电脑的商务旅客完全没必要多加100元，其它都好。合肥的出租车态度很差，可能是因为这个城市出租车比较少。	裤子还可以，为什么我标明的发票没有呢？能用点心吗？	屏幕有小亮点，退货了	不好吃，在京东买过很多次生鲜，这次是最失败的一次，一点味道也没有，没有超市卖的好
样子漂亮，键盘很帅，手感也很好 用了几天了，除了最上面那个快捷键按着没反应外其他的都还好 发货速度很快	一间非常老旧的酒店，大概就是离机场比较近吧	500多的普通标间，房间面积不足15平米，2张床连1.2米都没有	请问你们的京准达是个摆设？特意多花钱备注了送货时间，一大早就送来了，两箱水加这个护发礼盒再加一大包冷冻生鲜，媳妇在家一个人带着一岁的孩子怎么下去取？最后还好给送上楼了，麻烦如果没办法按照客户指定的送货时间送到，就不要搞什么收费的京准达了
最满意苹果，个头大，新鲜，味道还没尝	宝贝收到了，很喜欢，质量不错，	我好喜欢这个广告。还有蒙牛那个广告我也好喜欢。 陈欧真是年轻帅气啊，这广告是自己想出来的吗？	呵呵。商品这么快就到了，还不错哦，^_^^_^^_^^_^^_^^_^
做工一流，外形漂亮，显卡很棒，奥特兰星品牌扬声器，手拖处有金属质感，各种接口比较齐全	个头挺大个的，但是一点味道都没有，进口的都这个样子吗？	"屏幕有点小,市场同价位都是TFT屏且相素在20万以上"	酒店太老了，设施都旧了
除了像素稍微弱点，电池也不是特别经用，其他都很满意，价格完美。	刚拿到这本书的时候，随手翻了翻，觉得一般般。晚上回到家吃完饭，女儿学习，我拿出这本书看，看着看着，女儿的症状是不是也可以用这些食疗法，有没有用呢？先试试，女儿一直咳了一个月，都不见好。用六瓣大蒜，放到小碗里，再放到锅里去蒸。女儿连续喝了两天，真的不咳了。看来我要好好研究一下这本书，里面的方法真的很有用。正在考虑要买的朋友，请不要再犹豫，这本书值得买。	都烂了…………………………………………………………	超级不好用，不知道咋回事，难道是我不适合这款洗发水吗？
很好，参加活动比超市便宜，还不用排队往家提，上京东，超市再也不去了，好评！	款式很满意，价格合理，服务到位，发货及时。	房间蛮大很干净，除了前台左登记右登记，上来敲门再登记，然后还打电话来登记，其他可以满分。	不满意衣服太大了，可以当睡衣穿。
一直比较信赖京东自营店，物流很乖，质量过关。	"质量很好。很合身。服务态度好,物流快,穿起来很舒服。比实体店便宜,下次还会继续购买。大家都可以来购买吧！"	可是买了之后真是有点后悔，我发短信很多的，可是这款手机短信接受比其他手机多了一个程序，简直就象乌龟爬一样。再看看大家的评论，我现在很担心我的手机什么时候就坏掉了。	都不是真的沙宣，太欺骗老百姓了！给一星都多了！
这次送货超快，头天下午下单成都发货，今天下午贵阳送货员冒雨送货，赞一下，苹果一如既往的好吃，脆甜	去机场很方便，快捷，很适合转机，停留。	掌托部位温度比较高，不过测试温度还好，反正不影响速度就OK 其他还好，还有就是说带无线网卡插槽的，找了半天没找出来，京东信息要搞对了	沙宣洗护套装修护水养(洗发水500ml*2+护400ml)送洗50ml*3+护50ml*2
很好。。。给力，比实体店便宜，东西正！！！！	M3的黑边比M2小很多了，看起来很美，手机用的是V8还有荣耀6，还有一个电信送的4C	个头儿不错，还没有吃呢，包装也很好?	无线上网老掉线，不知道什么原因，没有我的老HP好！xp分区重装太麻烦！
质量挺不错的，面料很好，手感挺不错，穿上很舒服，穿着合身帅气	非常喜欢，手感好，性能稳，速度快，喜欢	和在超市买的一样，香气好评，价格好评，物流一如既往地让人不操心。	其实我认为蒙牛能够关注消费者感受，及时作出回应与承诺，本身是值得肯定的，但我们的放心来源于品质而不是仅仅是承诺，希望蒙牛能走的更远。我承认即使是经历了从小到大喝了近10年三鹿之痛，内心还是希望信心回归国产的
针脚不够好，左脚裤线有处感觉是乱缝的，很多外露可以拉扯的线	质量不好、不喜欢！	都烂完了， 包装太差了，都没有保鲜袋，水果基本上都烂了	机身弯曲，大家不要买
刚开始用，还不错，反应挺快，用段时间再来追评	酒店早餐真的特别不好，品种不多不说，而且还不热乎。酒店环境无功无过。	机子先不说，我们这里的京东快递太慢，蜗牛的速度，派送了两天，如果不打电话还不知道什么时候送那	物流实在不给力，服务忒差，下次不会在来此店了。。。
东西还不错啦 挺好的 感觉是物美价廉 挺不错的	酒店离兰桂坊和soho美食区比较近。酒店门口有直达巴士到铜锣湾。在半山高尚地段算是性价比不错的酒店了。	比较红，比较大，但是还没有上次买的小个的那些口感好	我买的是两个大锅但是我不知道这两个水果够不够大反正一个大一个小的没办法看
外观不错，性能优良，散热还可以，掌托温度不高，使用的感觉比较舒适。	对平板没什么使用体验，主要是华为手机用的不错所以买了华为的平板，黑边什么的不看评论还不知道，给父母用的也不讲究功能强大多少，实用就好，华为依旧感人，买啥都没赠品?	送货速度慢，而且实货没得照片好，为什么这么厚。	洗完头头好痒好像是假的呀
色彩较好！！待机尚可！与同价格机器比，优势明显！	蒙牛，你幸福吗？	质量不好不好不好	假的假的假的假的假的假的假的假的假的假的
昨天晚上洗澡用了一下，感觉挺有效果的，头发很清爽	抢购到上海的最后一台 样子很好看，配置很好，开机关机速度快，几乎没有声音，键盘很舒服 还有两个以外的惊喜，一个是产品介绍和图片都没有摄像头，竟然有的。还有一个产品介绍说是combo光驱，实际是DVD刻录	价格实惠，反应快好用。	垃圾韵达快递……
大品牌，值得信赖，功能很全很强大，手感重量等都适中，用了几天了，感觉很好	屏幕大，键盘设计新颖，外观时尚，能随意换彩壳，对于女生来讲真是很不错很贴心的功能。我昨天去专卖店买了个粉色的壳子，回家迫不及待就换上了，和原本黑色红色的搭配完全两种感觉，原本黑红的是时尚妩媚，粉色的就更添一份可爱和柔美，还付送粉色的手机链，搭配真是天衣无缝。再说说功能吧。100W象素的设想头现在说来不算高清晰，但是毕竟不是数码照相机，平时玩玩也够了，支持mp3，蓝牙，视频短片，还支持MMC卡。我觉得就2004年上市的手机来说，已经是先驱者了。	"酒店的环境,早餐还可以。环境也比较安静，工作人员的 服务意识也一流。只是酒店附近的餐饮点比较少。可供选择的 不多。在酒店就餐不知为啥当时吃饭的人不多但上菜特慢。总体来说还是会继续入住该酒店。"	内存偏小，不过送了1G，就是2G了，还是怀念XP系统，不过照情况看来预装系统vista是大势所趋了
"房间不错,价格贵了点,不过房间有电脑蔓好的,房间视野很好,这次前台服务稍好点,"	很白哦 还不贵 就是我买大了	买的时候立减100，刚买完没两天就立减200了。还捆绑销售一些没用的东西。。心情不美丽。手机不错，	房间很大味道，服务差，态度差，房单设施差~~永远不会再去了。差就一个字
送货很快，是正品，一直在京东买东西。送货很快，是正品，一直在京东买东西。送货很快，是正品，一直在京东买东西。送货很快，是正品，一直在京东买东西。送货很快，是正品，一直在京东买东西。	本来晚上想去跟老公认识的地方巴罗莎去坐下，可儿子很没情趣的一定要去超市！好在蒙牛的这款酸奶味道很不错！推荐下！	本来订的时候看着是灰色的，回复的时候说没有黑色。到货的时候发现是偏黑的。和图片的不一样。不过我就是想要这个。屏幕完美，弧形键盘很喜欢。散热还可以的。声音也不大。自带的系统还是应该用的。希望别人不要格掉	千万别买，谁买谁傻，纸张一样的质量，拿来穿一次裤裆就破了，而且不是裂开，是整块步变成一条一条的散开，缝都没法缝，我只有在小时候才穿过质量这么差的裤子，千万别买，买了一万个后悔，而且客服说破了的裤子不让退，买了就自认倒霉吧*的一次性裤子
"运气不错,免费升级了,总体还是不错!房间比想象的大,由于是海景套房,所以风景很好!"	比起期待中的 确实 不是太有用 值得翻阅 不值得买下来	苦死了、那么苦的东西你们为什么不注明	太差了，双十一买的*，结果过了双十一成了*太坑人了，一样的东西。
很好用的，一直都用清扬，洗了之后很凉爽。	没有用过这个牌子，想改善一下发质，希望有好效果	是的，就是三乘四，标准的12个，多装一个都不行的    看着有活动5，他就买那么几个了	包装挺好，礼盒装。可是怎么和我拍得订单不一样呢，我的发膜呢？
一直在使用，不错的，很好，很好	到了好多天，玩游戏不错	买得有点偏大了，宽松穿着也很舒服。	刚刚购买后，就又是降价又是赠品的，感觉被坑了
还行到得挺快就是还没洗还不知道退色多不多	买来送给婆婆的，不是很好，因为背壳看起来有些像塑料包装。不是很满意，机器，还没有试用，反正和苹果的平板比起来，差很多，毕竟价格在哪里？	和之前在其他地方买的效果完全不一样，洗完头发干死了，还有头皮屑了。	什么垃圾苹果 里面都是烂的 还那么难看
有没有超级喜欢这种稠稠酸奶的呢，我是疯狂的迷恋，味蕾能够得到特别的满足，喝了那么多种类的，还是比较中意蒙牛黄桃味的冠益乳，还有黄桃粒，不够喝呀不够喝，爱死了爱死了呢。	下午下单，晚上就收到苹果了，个头稍微有点儿小，但是每个都很红	写字楼里的酒店，人员混杂。哎，同样价格可议住旁边5星了。早上6点就被莫名其妙的电话吵醒，感受很不好。	很失败的一次购物，快递刚到裤子上就是沾的些白色的小毛 穿着那就别提了 很差
就在机场对面，走到机场就5分钟吧，如果要赶飞机的话住那里还蛮方便的，里面的设施就一般了，3星的标准吧	离机场很近，还有接送，但房间只送两瓶很小的水，不够饮。	跟图很不一样，裤腿口也太大了，像老年人穿的	烂了一个苹果，并且烂得厉害，很明显放了很长时间，看来以后还是不能在这买了。你们看包装的盒子和烂苹果
预装要是xp就完美了。屏幕感觉不算是很完美，就是总感觉有点泛白。比如说我现在打字吧，是黑色，但是那个电脑总感觉不是那么的黑，色彩不是那么的好，但是人要是躺下来，电脑保持刚才的状态，倒是发现效果不错。	1.内存1G，偏小 2.没有操作系统。 3.带指纹识别，但是没有相关程序 4.硬盘转数过低。	我订了一本书，很好，只是在我看的时候，我发现少了一页，后来我申请换货，结果当当网也不管我。所以建议大家，不要在当当买东西。我说完了，谢谢。	为迎合大众口味而用调侃语气写历史的、典型的媚俗性娱乐文字，罗嗦拿捏，令人作呕。
手机的铃声象单声，收到来电发出来的声不好听，手机的铃声不知道如何下载，短信群发功能不好用！	最不开心的一次网购	假的！洗完头皮很多！！	太恶劣了！！！报价根本没有说清楚是主楼还是东楼。还以为是四星级酒店，结果到了之后让住得是东楼，东楼的设施根本谈不上星级，还不如一个普通的小旅馆。极其简陋，还没有电梯。摆明了是挂羊头卖狗肉，欺骗人的！！！早餐太难吃了。
前台没有传说的那么慢，我去的时候还可以。整体服务还不错。当时是3月份去的，房间有点冷，洗澡的时候直打哆嗦。网速还可以。	我们是6/23(一)入住的，我住5楼，房号忘了，我的评价极差1.当天我们是晚上10点check in，前台服务人手不够，1个服务员，我前面排了两个要入住的客户，我足足等了15~20钟才办理入住手续。2.房间里居然没有附赠水，不过后来服务员有帮我们拿过来。3.最糟的是房间的清洁，床单、被单、抱枕，都有留下疑似「月经」或「精液」的东西，前者可以明显看到红色的区块，后者则是一块块不规则的区块，令我们觉得很恶心。4.唯一ok的是，请服务员来换床单与被单，手脚很快，态度亲切，其实当天已跟服务员抱怨过这个状况，并请服务员与酒店反应，服务员看到一块块的东西后也是一脸尴尬并满口抱歉。5.长城是4星酒店，我们希望能有4星以上的水准才对。	这苹果太差了，这种成色的苹果都是没人要的，有一个都干瘪了，京东拿来骗人。包装还没隔断，大部分都碰坏了。	非常糟糕的购物体验，吃了三个，全是烂的！根本没法吃！
衣服收到了，老公试了很合身。质量很好！中间快递那出了小插曲丢件了，店家知道马上补发还是顺丰包邮的。	住了一晚，服务很到位，热情周到，房间复古舒适，但布局略显紧凑。唯一美中不足之处在于我离店之后发现手机充电器遗忘在房间，打过去电话询问前台居然不知道此事，后经服务生及清洁人员仔细寻找才找到（其实就在插座上）。希望打扫卫生的时候更仔细完美一些。总体很好，下次还会选择。	分辨率好差，后悔了＠_＠	不按送货时间送货 也是你们牛逼！之前让你们晚点送说不能改 现在倒好 自己抽自己脸 怎么不按时送呀？客服说快递员辛苦？请问辛苦是借口么？还要我体谅？我之前体谅你们的结果是什么？是你们一次次死板的说不能改时间送货！草！最傻B的公司！网上这么多投诉居然没把你们弄倒闭 也是后台硬了 哪天抓腐败能把你们抓了最好！
很好用，一瓶都用完了才来评价。	因为是新客房，房间设施方面就还不错，客房服务也非常好，不过酒店服务就差一点，西餐厅的餐点也不太好，早餐还行，地理位置还不错，属于市中心的位置，只是停车不方便，下次还会考虑入住。	散热可以，运行畅顺，外观好看，就是触摸有点不是很灵。	找了很久大小包装都没找到生产日期。上当了。
感觉还不错就是商家发错了码数花了钱买了***布而已也没什么	新乡国家饭店入住纪实：1.入住第一个房间，电视关不上，一直开着。服务员建议换房间。2.换的房间空调不行，又换房。我们拿着行李跟着跑。3.换的第三间房是有烟房，我们问：有没有无烟房？服务员告诉我们：我把烟缸拿 走就行了。哭笑不得！4.晚上去餐厅大厅就餐，点完餐后，服务员告知：最低消费35元\人。我们不能理解，服务员告知：酒店的新规定。电话投诉后，来人讲：服务员是新来的不知道。	送货的速度快没得说！可是产品质量有问题，洗了头发太干了！给地摊货没区别！直接扔掉！	差也！离机场不近，十分钟路程不方便。淋浴花洒坏了，烧开水的壸有塑料味不敢喝，电视看不了，wi一Fi没有，房价高不值得住。
呵呵，又住了回豪华双床房，感觉房间比标间大了，没那么压抑，床也大了，比较舒服。就是电视太小了，农村的朋友家估计都没有这幺小的电视了吧。卫生间还是太简陋了，和酒店的整体定位不匹配。衣柜里缺少浴袍，总可以提供两套吧，我住过的更便宜的酒店都有提供。	个头有点小，个头有点像新西兰苹果，可惜颜色和味道不像。	这家如家地段不算太好，所以感觉性价比不是太好，下次不去了。	发货速度慢，17号下午下的单。21号中午收到货。裤子感觉是别人穿过的。纽扣的那个是剪开的。
一直都是喜欢潘婷系列的，洗的头发后效果很不错，头发没以前那干燥了，以后还在京东买。	酒店的房间太小了，一点没有5星酒店的感觉。前台给人的感觉好像是3星酒店。不过服务员的态度还是很好的！	速度很快，品质一般，一个大点的皮很薄，摸着有点软的，口感很差	最不满意的一次购物，前一天买的，第二天就降价了，且还不能申请价格保护。比其它商城，贵了一百多元，真坑。
今早收到货了，还送了吹风机，商家真有心了，到货和下单的一样，包装完好，等用之后再追评，五星!	很好，比上回买的潘苹果强多了，这次个头差不多一样，口感也挺好，下次还会再来。	"刚买的时候儿子不太喜欢看,因为在那以前都是给他读比较短的,内容比较简单的书,可能是太长的原因他不太喜欢。但现在非常爱看，几乎每天都要读上几遍。《汤姆走丢了》、《汤姆挨罚》、《汤姆上幼儿园》、《汤姆的小妹妹》他都爱看，本来以为《汤姆去海滩》那本会不太喜欢，因为他还没去过海边，怕他不明白，没想到他也喜欢。第次看完都嚷着要去看大海。这套确实不错，很值得推荐。说明一下，儿子现在27个月。"	这个平板真不值，有失华为水准。
30多元的衣服，感觉还不错。一下买了2件。	在整个一本书中，色戒只有几张纸。用它来做整本书的名字，太过分了。	一点都不修身，丑哭	感觉不是真的，味道和超市的不一样，并且用过之后头屑很多，头也特别痒，家人用过也是一样，上当
"在成都糖酒会期间入住该酒店, 很感动在全城酒店出奇紧张的情况下酒店为我把房间升级成了豪华间,且酒店服务很到位,没有发现楼下朋友说的那些情况.房间由于是豪华间,所以感觉很赞,很干净,完全有4 star标准.总之,即使是糖酒会期间的488, 也比上海的酒店性价比高太多了.PS,酒店出门右边斜对面就是春熙路步行街,交通很方便."	东西还不错，手感很好	商家广告太假，产品不值得买，省料，做得很薄，弹性很差，一文不值！	骗子 骗子，大家小心，是不是正品先不说，搞活动说送吹风机也没有送，就是欺骗买家。
618买的，很实惠，比超市便宜多了	在阳朔算相当好的酒店，虽然设施有点旧，但胜在地理位置好，人性化服务。尤其是酒店的取电匙与开门卡分开就是很好的服务，天气酷热，回到冷气依旧充足的房间，绝对是一种享受。尽管这样有点浪费能源，但这个天气，我们住了三晚，如果不保留空调，买的水果估计会臭在里面。因为吸取了其他携友的经验，住在靠居民区那边的房间，十分安静。既能享受逛西街的便利，又能得到安逸的睡眠，确实是不错。BTW，酒店房间能达到标三星的大小，比桂林四季春天所谓的四星标准要大，空间的大小也算比较放松舒适补充点评 2008年8月2日 ： 美中不足：没有电梯，不过服务生可免费提供行李提上提下服务	有漏的，表示不想退货！因为我也是做物流收退这方面的！	本来要订衢州酒店，临时告知满房，改到国际酒店。入住行政房，房间昏暗，潮气很重，而且有股子霉味，卫生间的毛巾也是脏兮兮泛着黄。。。床就更可怕，睡觉时感觉就像躺在了硬木板上面，翻身都不敢使劲，免得咯着自己的骨头，汗。。。。。。还有入住时酒店房间的窗户没关，但是窗帘是拉着的，当时因为太晚入住，第二天还要早起也没检查就睡觉了，整晚听到外面车水马龙的喧嚣汽笛声，强忍了一晚，第二天清晨才发现自己开着窗子睡了一整夜，一问同行的老板他也同样遭遇，再汗。。。。还有更恐怖的，就是跟前台要熨斗和熨衣板，被告知全酒店只有一套，我和同行的老板只能共用一套，老板等不及叫服务生帮忙把次日要穿的衬衫交给洗衣房晕，小姐改敲我的房门问我是否会晕衣服，如果可以能否帮忙给熨一下？瀑布汗阿。。。。。。。这什么酒店的服务生？居然能给我提出这么个建议？？？彻底败给他。。。
"1,外观，还可以！比较好看2,屏幕，在阳光下不好看清楚！在其他的地方还是很好的！当然没有TFT的屏幕好，但是价格在950，就可以了3,基本没有什么bug。有的时候电话薄上的有一个人的名字，但是按决定不能进入，但是也删出不掉。需要你全部复制到SIM 卡上，在复制回话机"	裤子挺好就是物流太慢！深圳到北京6天！我想问！这物流是爬的吗？	没用几天就出问题，用着用着就自动重启，多重启几次就系统优化，拿到华为维修，说可能是主板问题要换主板，运气不好，买了个问题产品，想退货又过了退货期，	差评只是针对京东今儿客服态度真心垃圾
质量很好，真的很不错，跟图片上一样一样的，码子也很标准，包装也非常好	整体不错，之前也买过，第二次购买了。口感很甜和脆，就是个别个头小了一点，上次秒杀18块还是很划算的	屏幕两个底角不平，换了几张钢化膜贴上两个底角都是翘的，华为竟然是这样的做工，还不如买小米	全部都是坏的！又不知道怎么退货，没有客服在线，没有退货栏！浪费钱！真心垃圾，大家不要上当了！
华为2017新出的M3平板电脑，618购物搞促销领券便宜几百块钱呢，还送了一年乐视会员卡价值198元，运行内存4g玩大游戏也不卡，屏幕2k分辨率比苹果还高，8.4寸拿着刚好电池也耐用，看电视剧很不错的支持国产机	东西收到了很满意，快递也很快。。。。	好几天了，货还没有到，不行的	"接下来进行换货,一直到3.10日才收到货,这种效率,实在不敢好评:明明是你们京东自己发错货,凭什么要消费者承受损失?"
裤子很好，一直买他们家东西，码数正版型也好，客服也很可爱	在石家庄是很好的酒店了，我住了个贵宾楼的豪华房，在最高楼，设备都很好。但是到了早上8点半听到很大的噪音，原来是楼顶的风机开始工作了，这个是唯一遗憾，以后还会选择这里但尽量避免最高层。工作人员态度也很好，这个是值得肯定的。	衣服不好。褪色严重	我想说这是放了多久了的，还没打开看里面，不知道能不能吃，这也太差了！
苹果包装很好，没有一颗损坏，而且很新鲜，水份很足，这次生鲜购物体验很好哟	性价比高，配置都可以，gta4也能玩玩，现在终于可以抛弃以前的老电脑了。	"1，买的是中国移动定制的750，所以不知道应该叫他行货还是水货，反正可以在正规的维修点维修。但是原装的电池看起就不正宗，有点像水货。2，实在不喜欢移动定制的那些键 ，本来是发短信的快捷键变成了mo,上移动梦网的快捷键了。3，关机画面也是移动的，实在不喜欢，我想可以把他的文件名改了替换成我喜欢的图片，不过还没有试验。4，听音乐的时候如果有来电，铃声还是从手机里发出来的，音乐倒是中断了，但是我想应该在耳机里也能听得到铃声。5，介绍上讲可以把收音机作为闹钟，的确也可以，但是要将耳机插入，你想想看，我睡觉的时候怎么会把耳机一直放在耳朵里呢？6，如果放音乐的时候，你是用外放的，这时候你把耳机插入，然后按手机左侧的音乐按钮想关闭的话是无效的。反之也是一样。7，发短信的时候每次选字的时候都要用到遥杆，方是方便，但是肯定容易坏，不像有些网友说的还可以用数字健。"	"预装的是Linux,不是xp，给客服打电话说不能换操作系统，要不就不保修了，哪有这样的道理，没有光驱还得买外接光驱，不方便"
昨天订的荣耀平板今天早上就到手了，试了一下，机身轻薄，9.6英寸平板看视频美滋滋。机子主要是日常休闲，这配置价位对比其他品牌个人感觉物廉价美。如今手机平板都用的是华为了哈哈。好评	平板很不错，wifi信号好啊，玩王者给力啊	12月1日又入住了瑞吉红塔，服务还是很好，但感觉不到以前的会心微笑了。不过，瑞吉红塔的游泳池还是一如既往地好	可以说是有史以来住的最差的一家了，酒店接机的司机你是赶着投胎吗，十月一日结婚的时候老婆做嫁妆的箱子就这么被你一拐弯甩过去，一拐弯甩过来，甩了拳头大一个坑。房间设施也太差了，灯敢再小点吗，就几个小台灯。wifi还要去前台让服务员给授权。房间敢再小点吗？房里都找不到一块地能把箱子完全打开。
酒店电子菜单用，配置足够了	应该是亦庄经济技术开发区最好的酒店了，交通便利，环境安静。只是房间比较小，前台服务态度一般。	"酒店房间很好,很温馨.且有几本书供客人看.但没有针线包,害的我跑到楼下要的.周边饭馆较少,房间内的上网速度慢."	附件易丢损；耗电；照相速度偏慢；较易死机。
因有台Ipad air，所以入一台小尺寸，体验其他系统。1.做工出色，大小正好，可以很好的单手握持。屏幕总感觉不适应，也说不上来原因，但是不影响体验2.一到手就升级了最新系统，续航可圈可点，前天早晨充满电，每天晚上刷2个小时左右，不玩游戏，一直开着wifi，到现在还有48的电。3.音质还可以，可能我放的声音小，没有太大感觉。4.可能之前一直用苹果三星，没体验过息屏指纹唤醒。不得不提，M3的指纹很好用，息屏下手指轻触Home，秒开锁。总体感觉不错。	酒店房间到是不错，就是位置稍远了些，但是酒店有免费的班车可以直接把客人送到地铁站方便客人出行，不过要提醒大家要看酒店班车的排班时间。	还行吧！处理器不行！	我那天是6月18日京东搞活动的时候买的，说好有赠品，可是我一直就没有收到，不知道什么原因？
裤子很不错，质量好，穿着感觉也好，物流也很快	口感很不错，大小也合适，和家人每天吃一个。	第二次入住，感觉还行。但3个老外都反映床太硬。另外外面正在施工，机器声音很吵，在我们的要求下给换了房间。早餐和自助晚餐都一般。如果嫌5星酒店的价格太贵的话，可以考虑中油。	打死不喝蒙牛！！
开机感觉不错，前面一台10.1寸的，感觉太大，这台手感不错，画面也好	非常好 比上次购买又优惠了些	非常好哦！很喜欢！非常好哦！很喜欢！非常好哦！很喜欢！非常好哦！很喜欢！	很好，挺实惠的，一直在京东购物
不是瞎说，真的不错，比我原来的IPAD好用，应用下载方便，阅读图书很顺手，赞一个	还没吃，买回来送礼的，果子很香，很满意京东的物流	当我发现这个问题的时候已经过了15天，不能换，只能修！客服推荐我去附近实体店修，买来没用几次就给我换了个屏幕！	太慢太慢，就二十公里，花了四五天，东西现在还没用，不知怎样。
好穿，还是不错的，不是很厚，凉快	机器散热不是特别理想，底部发热厉害！ 预装的linux系统，重装xp系统比较费劲，不过网上教程很多，摸索一下就会了！ 电池不怎么耐用，也就两个小时左右，电源还是得随身携带，一不小心就没有电了！	“自从网购的东西多了就再也懒得评价，直到今天才发现京豆都用光了，赶紧评价几个压压惊    可是真的好麻烦啊，求批量评价的方法    想想自己浪费了那么多京豆，感觉亏了一个亿！”	东西是二手的。黑屏闪屏
配置不低，还是独显，巧克力键盘，还送鼠标，才5000块，性价比非常高	大小适中，颜色亮丽。性能还算不错，目前同等大小的上网本里配置算偏高的。速度也很快。	太没有诚信了 发票就是不给快递呢 都等俩月了吧	苹果已经长芽了，（第三张）客服还说这个不是芽而是苹果籽？？？还有烂的，味道就不评价了！！！！
裤子很不错，大小合适，面料舒适	感觉包装很不错 东西还没用 希望不错吧 物美价廉 划算 物流快	整体还不错！性价比高！虽然不大，个头合适吃一个，太大容易浪费～很不错，还没有尝	我是6月4号订单，至今没有收到书，谢谢
裤子质量太好了，版型也很不错，穿上很帅气 值！！！	苹果一打开就闻到一股香味。虽然小但好吃，大的一个吃不了，喜欢吃小的。呵呵	东西不错 京东太垃圾	我是双十一下单的到现在都没收到裤子，有问个跟卖家是什么原因，卖家一直不处理，我申请退款也不处理，难道我的幸苦就这样打水漂了吗？心情极差！
质量很好，摸着很细腻，老公觉得不错，快递太给力了！	三瓶大的，五瓶小的一共85，还送了一瓶大的，特别实惠，快递也很快，一直用的这个牌子昨天到货，今天用了，和超市买的一样?	功能很强大，操作性能还可以	质量很差，还会掉色。
性价比较高。服务态度也还行。房间小点。比较难能可贵的是，在火车站附近的宾馆晚上居然都没有骚扰电话！值得表扬！早餐相对简单，一般话。	买完就降价了，真是不厚道，还有赠品内存卡，数据线，我就一台裸机！	以前在南通、无锡住过很多次格林豪泰，感觉还不错，这次来马鞍山就住在这里。不过床上有虫子，不知道是虱子还是跳蚤，住了2天，全身上下被咬了17个疙瘩，感觉很不爽，都痒了5天了，还没好	这洗发水果然是水货，没有店里买的好。用着好难受
宝贝收到了，实物很不错，质量做工都挺好的，面料很舒服，大小也正合适，性价比不错，老板服务也很贴心，满意的购物！	我是给公司买宵夜发放的，一直都在京东买水果，每次都坏果……	收到了，没有姜味，不好用。包装不好，漏出来了。	你敢相信没sim卡槽 这是为什么敢告诉我不 用了这么长时间刚想安卡 结果居然这样低级错误都有
"买了一本,字是大大的,不觉得有啥好的晕"	不好吃，果肉涩嘴粗糙，跟进口的蛇果没法比，不会再买	收到货，全烂不能吃，直径只有50mm，被骗了，仅有3斤，劝大家不要买	差评！差评！差评！生平第一次给差评，个小，物流太慢，客服不理人这些都不说了，质量自己看图，我买了6个，居然有3个都是坏的，我想问如今的京东怎么也搞这么撇了，半夜收到个货居然是这样。。。。我发誓从此删掉京东APP，再也不会进里面买任何东西……
特别好。正品、赠品也不错?还会继续	因为蒙牛换了很有感觉的包装，上完选修就买了一整箱~~~事实证明我不是STRONG，只是虚胖啊。那箱牛奶要了我七成功力啊、、、	活动显示买就送梳子 货收到了打开没有送 感觉没信誉	致命缺点：电量剩一格时死机；取下电池再装回，好了；过一小时接着死。升级了固件也没用。售后维修人员说，电池问题的可能性大。（确实，满电时就死过一次。）可是，此机死前毫无征兆，太耽误事！
稍稍有一点点厚；U口有两个在左侧一个在左后，连上鼠标线有点短。	1.价格不公正，明明携程网上写的是￥200，结果住了一晚上第二天结帐时被告知￥390元，而且，预付订金的时候也没人告知价格，付订金时根本无人告知，只知道收钱，收钱时小姐把钱从客人手上抢过去。2.没有早餐，入住时携程写的双早，结果被告知早餐要￥10元/人。3.房内标明有桑拿足浴室，找了半天没有找到，问到前台（自己找下去）被告知桑拿足浴室根本没有设立好。4.卡拉OK室价格不公正，￥280元/场/人，和上海的歌城在黄金周的价格一样。5.酒店没有好路，一路上颠簸进去，结果车子费油不说，离合器还差一点挂掉，路上没有一个指路牌。6.奉劝广大住客，在和携程网确认价格之后，要再打电话去酒店确认价格，因为携程网上价格和酒店价格不同，相差甚元，不知携程如何更新他们的资料？	第一次在京东买水果，也是最后一次。京东水果太黑啦！！！价格、品质与市场严重背离，难怪京东抓商业贿赂，这三个直营肯定有问题。	一点也不好，像***的地摊货，
质量不错，很喜欢，质感光滑布料挺好的	东西收到了，挺好的。满意。	刚从九华山回来，从携程订了百岁山庄，总体感觉还可以，就是满大堂飘溢着奇香，不知是什么，有些刺鼻。房间也算可以，很紧凑，设施、洗澡水也不错，可有股潮湿不通风的怪味，被单上也有不洁的痕迹。好在我们只注一天，也就将就了。	差评，到家都已经摔烂漏了
水果收到啦，包装很精致。箱子也没有破掉行过还好无损，对这次购买非常满意	第一次购买，快递很快，昨天下午下单，今天上午就到了，快递超快！	设施较陈旧 卫生状况不佳 总机服务人员态度差 空调噪音大	洗发水收到很久了 才开始用 完全是假的 起了好多头皮屑 更气人的是 我和我老公用了之后头上起了好多红疙瘩 又疼又痒 希望大家不要再买了 简直太假了 从来没买过这么差劲??的东西
果子很新鲜，很好吃?，支持京东，下次还会购买的，五星好评，^_^全家都喜欢吃！	好用，正品，购物方便，京东物流就是快！	苹果还不错吧！也没有坏，只能感觉还可以吧！已经吃到剩下一个了……	早餐不错 ，地段好 只是房间一般，床品太差
包装的挺不错的，物流也很快，服务也挺好的，洗发水看起来还不错的，效果等用过了在说。	质量信赖京东商城，用完继续买，	质量很好，穿上也挺舒服的，可以购买	质量和包装，)就是不贴身还会考虑再购买
物流非常快 客服服务态度也非常好 满意！ 衣服挺好看的。不错。	突然发现公司简称UEC的含义很多啊。 1、UEC：Ubuntu Enterprise Cloud 企业云 2、UEC：蒙牛优益C 当初起名的时候很有远见！ 蒙牛也在花钱请小S替我们做广告。	"我觉得应该要值得看看这本 ,对我收获不少"	"外观做得不错,有点像三星的感觉!"
服务不错，服务员态度也很友善。最赞的是房间够大。。写字台的布局很好。交通也很方便，周围也很热闹，步行10分钟到中闽百汇顶楼的大排挡吃饭，很便宜。味道也不错。唯一不足就是早餐收得有点早。	1.性价比高，能流畅运行游戏。 2.订单处理效率高。 3.物流快捷。	京东商城的商品实惠，继续支持！	是一家不错的酒店，如果说问题，就是两次我没有打开“请勿打扰”的情况下，酒店服务员敲门，我还没有走到门口的时候，他们已经擅自开门了，呵呵，以后入住的，特别是正在进行敏感事情的朋友要注意哦！！补充点评 2008年7月2日 ： 我在网上订房时，补充说明要求“15F或者16F，最好能够看到柳江的房间”，安排房间时满足了我的要求。宾馆反馈 2008年7月31日 ： 非常感谢您对我们服务提出的宝贵意见，给你带来不便我们深表歉意，我们一定加强员工的培训，避免出现类似的服务差错。我酒店按五星级标准装修的24-26楼豪华观景客房即将竣工，期待您的光临！！
拿到手感到很惊讶，很大，很漂亮，相信它	给儿子买的，不错还可以，继续支持京东，配送服务很到位，	苹果个头大小不一，烟台苹果卖相是不好的，味道可以淡淡的甜香水足，还会买。包装好，价格一般。	平板电脑，不是大号的手机，连个USB端口都没有，程序少的可怜，有鸟用！既然这样，要他何用？垃圾。
屏幕面积较大，看起来心里宽敞，文本显示效果也相当出色，说真的字迹、图片都很细腻（呵呵……外行人一定认为是又是日本货）。铃声音量较大，支持WAV及MP3等格式铃声。优良的处理器辅之24MB记忆容量，整机的反应速度十分迅速。除此之外﹐强大PalmＯＳ掌上型计算机功能让人叹服，它可以与Microsoft Outlook和Palm桌面软件进行同步﹐因此您所有已经存在的连络人资料只需轻松点击便可传输到Ｔｒｅｏ６００上。	很好，与图片相符，买回来很划算	酒店在老市中心，交通方便，房间干净。但开办时间较早，与其他四星相比，硬件略差，周围特色饭店较少。	卡，，玩游戏不顺畅，
真心不怎么样，洗完的头发都变的特别脆弱，而且还容易舌头发，感觉买到假货了	退货商家态度恶劣，要不是京东客服货款都不退，我也是醉了！	这机不怎样，分辨率低，第一台系统出现问题解不了锁，换了一台屏幕发黄，屏幕明显漏光，1星是给京东商城的服务，服务真的好，退换都很快，有专人跟进	严重差评！物流太慢，从下单到收货一共花了6天在货运上！导致水果不新鲜，有的水果削皮后，有的已经熟了，变了颜色，个别苹果有轻微损伤！伤不起的物流，还是邮政呢，每次叫客服的时候都是，我帮你催催，太无语了！不改快递，再也不来了！
可以啊这个价位能买到这样的还不错了比我想像中的要好多了，系统也流畅值得推荐	京东物流快 品质有保证 很好吃 包装也很好 希望一直保持下去 我会一直信任京东的品质	酒店的外、内部环境还是很不错的，服务生的服务意识也还可以，但里面吃的东东有些贵，另外携程确认定单时间有些拖延，打车到了宾馆后，被通知没有３２０元的房间了，只能住５２０的了，呜．．．对于自助旅行的偶来讲，有些奢侈．．．．．	还好，没开始用呢
发货很快，东西不错，不错，好用！对比下其他平台，京东运输和货运时间，效率最高，所以每次只能在京东买。希望京东就是我们的唯一超市！我信赖京东商城！	"各类休闲娱乐设施齐全，交通便利，饭菜口味多样。总体感觉：舒适免费注册 网站导航 宾馆索引 服务说明 关于携程 诚聘英才 代理合作 广告业务 联系我们Copyright? 1999-2008, ctrip.com. all rights reserved."	很失望，全是图片，几句讲解智慧书和综合书类小孩看会儿，就走神儿图片印刷也一般价格也不便宜不值得	"真的很差的酒店,服务态度很差.本人还被关在电梯里,痛苦!早餐有特色!在齐齐哈尔住酒店还是选择湖滨饭店比较好."
京东六一八囤货囤货囤货囤货囤货	好好好好好好好好好好好好好好好好好好好	系统驱动确实很烦，网站好像还不是很全，这个多多少少影响心情。	慢 就一个字
电池占据了后部的全部位置，致使其余三个方向的接口位置显得较为拥挤。操作系统是vista的，反应速度有点慢。	"不知道该怎么评价了.这是一个能让11点后入住的所有客人洗冷水澡的酒店.打电话问客房,客房说,我可是告诉了前台没热水的.前台说，我又不清楚这个事,难道你要我来帮你烧水?忍着,洗冷水.但第二天下午办完事回来洗澡，又是冷水...回答是才停气了.我又只得洗冷水.另外，浴房奇小无比,站在里面洗澡手会不停的碰到水管或玻璃房,生痛.蓬头水压奇低,一股小水喷出来.当然这酒店也有闪光点，中层管理人员素质较高,出了问题,他们在积极解决,说话也通情达理.坏就坏在个别的一线服务上."	刚买就掉价，还送原装套，这伤心怎么平呀	网卡老出问题，不知道是不是驱动的问题 买的是时候说是仅售66台，买了之后“仅售66台”的标语消失了，上当了！！！
口感不错哦，重量也够，运输方便，快点，味道，酸酸的，非常可口	这裤子颜色很好哟哟哟~男票穿着很合身，物流挺快的，比我预想的时间快，以后会再看到合适的继续买买买，店家也很给力	外观很别致	在携程预定酒店这么多次，遇到的最烂的酒店。住在行政豪华房，早上7点半起来连洗澡的热水也没有。开发票时说没有发票，请携程帮帮忙，不要把这种酒店放在你们网上害人。 谢谢！
"地段不错,房间虽小但干净,适合商务活动."	分辨率太低，无法使用！	十号下单，20号没收到货.期间致电客服，说双十一忙，让我等，后又说帮我补发一份，19号之前到，至今无果	就这拉链，根本拉不动，穿的时候生怕把自己小弟弟给夹了，叫我如何给好评
酒店属于园林式的建筑，就是房间太老了，卫生也很差，不过里面挺适合放松的，有一个园林	质量不好，没有弹力	在裤子本身一个花花公子的LOGO都没有，而且与南极人的9505款是一模一样的，虽然价格比南极人那*	我订的书到现在都不到~~~~你们也太差了
给京东自营一个大大的赞?质量好，送货快。	用着还不错，挺喜欢这个香味的，	真的是分辨率好低，光线感应很垃圾	电视不能看，服务差…
书放了一段时间了，我想征求孩子的意见，要不送给更小一点的孩子，可她不同意，原因是想看《我不想生气》。想一想，这情绪并不是可以看完了就知道怎么管理的，虽说内容似乎简单，但是能以幼儿的视觉来告诉孩子们碰到这种情绪时该怎么排解的书确实不多。	下午又尝了另一种banana milk上面有个萌奶牛的。感觉比昨天的宾格瑞好喝啊，那个太甜了，天喔的感觉挺诡异的，蒙牛的最贵最坑爹@BB无限	现在还愚蠢到去喝蒙牛已经不是脑残了。是帮凶。帮这个无耻的罪犯继续存在下去毒害更多人。	感觉不像真的。跟在超市买的味道不一样，基本没有香味，而且护发素很黏。
成熟型酒店，房间、服务都还不错，商务房间，配液晶屏电脑，上网速度也很快。特别是没有一般经济型酒店的隔音差的问题。位置属于市中心，去各个地方都不远。不足：一出电梯，有一股怪味，是夏天潮气？好在房间里面没有。早餐地点太挤，品种一般。总的来讲，浙江饭店还不错，房间价格稍贵。如果便宜100元，就很有竞争力了。	整体感觉不错！速度够快，看2k视频确实很清晰！不论是外放还是耳机，声音都不错！就是色彩偏浓郁了一点。还有就是32g和64g版本价格相差太多了。整机偏贵，性价比不高！	刚买完就降价了，敲了好几次都没有回复，到底能不能解决？？？	失败！奶酪我不该买蒙牛的！我做的鸡肉焗土豆泥失败了！原料用错不过唯一欣慰的是，土豆泥好吃
裤子质量很好，给男朋友买的，看起来很好看，男朋友说很舒服，下次还回来的?给个大大的好评	"对于这本鲤,我是针对于它每期的主题而买的，第一次买“鲤&#183;孤独”很自然的认为是张悦然写的，买了之后才发现原来是她主编，所以有一点失望，随便的看了几篇，觉得也就这样，没什么大的感觉，但是却一直很喜欢她出书的主题，所以这次就买了“鲤&#183;谎言”。看完之后发生真的很喜欢很喜欢她对于书的主题，里面的内容也相当的好，虽然没有一篇篇的看下来，但让我产生一种不一样的感受。很好看！"	房间小，前台不提示停车场，隔音差	很容易自动死机 没有GPRS不能下载图片和铃声简直就是他妈的垃圾拿出来都掉胃口！！！
还不错，昨晚使用效果还好，沙宣大品牌，京东发货配送迅速！	目前看着不错反应很快。就是这次包装有点垃圾	外文译的书还是太晦涩，看着累……	掉色非常严重，裤头拉链不好用
父母在孩子的成长过程中承担着不可推卸的责任，也扮演着举足轻重的角色．龙应台的儿子们将来都会是正直、善良的人。 有这样一份母子间的相同情谊， 孩子不会学坏， 人生的成功与失败对在心胸开阔的父母而言并不重要。 重要的是孩子是否快乐！ 推荐朋友们还可以看龙应台的《孩子你慢慢来》了解两个中西合壁儿子的成长过程。 了解东西方文化的差异， 了解一颗伟大而平凡的母亲的心。	当当的送货真是太慢了 ，从下单到收到用了8天，还是快递，而且我打了起码10个电话给快递，到了本城好几天才给送来，首先说是下雨不送，后来一直说没人 尽量安排。 买了20几本书，有一套书一共12本，每本几块钱，但是发错一本，有一本发重复 一本没发，打电话给当当，说要换的话要整套去邮局汇给他们，然后再帮我换货，不过，我实在是不想这么麻烦了，又要等10几天。这一次交易暴露了当当很多的问题。总之，这次交易是不愉快的 。	京东快递！我一直很信任！结果拿来包装都没得，直接弹起来漏出来了！我希望虽然京东自营的东西，还是不要太随便了，辜负我们的信任！	感觉被坑了！不值，会褪色
裤子版型非常的时尚，穿起来上身效果非常的好。面料摸起来也很舒服的，这个季节穿着正合适。随意搭配衣服和鞋子都很满意，百搭的裤裤。手动笔芯。	宝贝收到了，套装挺划算，很满意	从小到大都穿班尼路，面质舒服，大小刚好，再买2件	自营几天才到货 ，跟市场买的好不到哪去。贵了几倍
房间干净，安静，陈设较新，服务员态度很好，交通也很方便，步行十分钟可以到达天坛，去北京火车站也有直达的公交车。就是2楼的餐厅菜的样式太少了，没有旁边的王府饭店菜肴物美价廉。	人家代言过蒙牛酸酸乳好不好，蒙牛好像特喜欢让相关人员参观生产线的蒙牛养牛场的牛很厉害 ==你真的看到了吗？？少年 轉發微博	说实话质量一般，不过样式还可以。	垃圾！鸡肋！不值得购买！
#喜欢什么早餐#蒙牛早餐奶，加个鸡蛋和面包。绝对美味	酒店实际上位于河西路、中十路口，开车上山从河西路左转弯，看见“北京人家”、“金旭菜馆”就好找了。以避暑、度假的心态来评价，应该说还可以	16：9的屏幕感觉小了点，还有屏幕亮度设置没办法关机后保存，装了几个ACER EPOWER软件调亮度的没有作用，只好手工搞了！！	颜色跟一般墨绿色不一样，尺寸偏小
贝贝好爱干净 每天出门都要洗澡 还喜欢喝蒙牛 不喜欢蹲地方 喜欢坐凳子上还喜欢和我坐在一起~	终于还是没有忍住，剁手了，还没怎么用，不过很不错	"性价比还是不错的,房间也很干净,周围也比较安静,唯一的缺点就是房间有点小,我住的大床房间"	忙的一直没评价，感觉有点假，价格是便宜，但是用的头上会起小疙瘩，其它的品牌都没有过呀
质量很好 与图片一致 穿起来也很舒服 很喜欢。	生姜的看着不错，希望有效的！使用过再来追平！	昨天到的，今天拿了一个，苹果居然是坏了，卖相差也就算了	"这次入住和上次相比,感觉差很多啊...卫生间马桶一直漏水,早上打扫房间服务员简直像抄家一样, 搞的整个楼层都鸡犬不宁,想多睡一会儿都不行;晚上2层的KTV音响一直闹到半夜, 住在3层的我不但没法睡觉,连听电视的声音都有困难.下次再去扬州,我肯定要换个酒店了."
我买的潘苹果 甘肃天水红富士苹果 12个装 约70mm 总重约2kg 新鲜水果，质量好，包装好，很好吃，非常好！	水果很新鲜，送货速度快，京东自营生鲜不错！	"裤子效果很好!，颜色没有差别, 图片跟实物无差别    质量也很好， 穿着也舒服还会再来的,"	发的什么破包装.拖影是有的.果然和别人评论一样，封条好像动过.md我没有当接盘侠吧！
是一款女士机，很小巧，屏幕颜色很好，而且还有2.5M大容量下载空间。	新装修，比较干净；房间内有免费上网。自助早餐38元，有点贵，但有不少本地小吃。价格在当地不算便宜。离市中心不远，但是打的士并不方便。总体感觉还是很不错的酒店。	我现在想想好心疼啊，跳跳龙的袋子，可口可乐的瓶子，蒙牛绿色心情雪糕的袋子，酸酸乳的盒子拿回家全让家人给我扔了，还有我05年买的那么多海报同求！海报啥的也可以，可以现金转，也可以换专辑或玉米基金	这手机的拍照象素太低！只有３０万，在手机中和１０００元同等的没有什么分别！再加上没有关机和闹钟已经算失败了，没有手写笔就更加失败！外型没有一点创新．
"在金飞鸿买的,感觉还不错,音质也还行,后壳没有松动的感觉,很贴服."	无线搞了很久才搞定，原来有一个物理开关要开了才能用。。。要先按“Fn+F11”。。。然后就可以了。。	这条还可以，一般般 这条还可以，一般般 这条还可以，一般般	这个手机除了指纹识别以外，一点都不好，而且和老年机一样，
酒店服务不错，环境也还比较好！特别是好像是48楼那个旋转餐厅满有特色，至少我觉得住这个酒店还满满意！	"在LG的强大广告攻势下，巧克力手机KG90几乎成了家喻户晓的手机明星咯~~，酷似巧克力的外型，加上超级绚丽的键盘，绝对吸引尤其是MM的眼球~~但实际使用过程中，KG90所暴露出来的问题也要机友们头疼喔~~~ 1，MP3播放器不支持背景播放，而且旧的10K版本对MP3兼容性比较差，部分mp3会出现下载后不能播放或通过蓝牙传输后死机的现象~~ 2，短消息铃声只有自带的四种， 不能使用mp3文件，不能放自己喜欢的个性短消息铃声，我现在用的E680i想换什么铃声就换什么，铃声的回头率还挺高的 ^o^ 3,10K版本KG90在接受到短消息后选择回复，输入速度会变的很慢，而直接选择新建短消息却没有这样的问题。 4，触摸式的功能区按键十分敏感，容易不小心碰到导致操作失误。因此在操作手机时拇指只能微微的悬在空中，避免碰到触摸键，时间长了手指累死了~~ 5，不支持关机闹钟，想使用闹钟功能的话，就必须整夜不关机。。（辐射对大脑有影响喔！！！） 6，来电时必须打开滑盖才能接听电话，另外挂机键也设计在机身侧面，这样设计跟其他滑盖手机有所不太一样，需要自己花一定时间适应。"	手感不错，质量还可以，就是说好的皮带没有送	性价比差
.宝贝质量不错，很喜欢了。谢谢掌柜。	我用了好久施华蔻了，都是在屈臣氏实体店买的，第一次在京东商城买。用过才知道，京东买的按出来的洗发水好稀，感觉买到假货了，还是那句话 用过才知道！	从未买过如此苦的柚子，上鬼子当了。	买的是假货，洗了都打不开头发
一直很喜欢这个牌子，质量好香味好效果好，值得推荐，活动买很划算	"用了两台华为的平板了，上一台是华为m2,m3比起m2提升还是挺大的，无论是屏幕，外放音质还有反应速度，4g的运行内存加海思麒麟950就是快，还有多了一个指纹解锁，解锁速度挺快的。"	要是送个鼠标就好了。另外2个小时后，触摸板右边温度有点高，由于没仪器也没测量。	屏幕上有点点瑕疵～～～散热稍微有些欠缺～USB接口只有2个，没有上面标注的3个～～
包装很好，外面纸箱包装，里面还有塑料包装.    个头也非常大一个，希望能够好吃。    下次才会再买。	酒店位置很好，是开发区的标志性建筑。前台服务很快，早餐也过得去。房间不错。唯一是电梯慢。	房间够大，但是服务态度和效率太差！	"真的是老酒店了..硬件不好,服务可以,我定的是商务大床房但是一进去比一般酒店的大床房空间还小,真是虚有其名...唉"
"环境不错, 应该算CIXI那里比较好的酒店了. 性价比也还可以."	这个酒店是当地最好的了，就是这样一个中小城市酒店价格不便宜，三种价格的房间其实区别不大，最便宜的就是没有地毯，木板的，最贵的只是送了两包咖啡，晚上偶尔有送花，所以自己来玩的可以住最便宜的。这个城市也就是这个酒店了。	我是在全国雪灾时来到了仁安悦榕庄的，整个酒店就我们一个住户，酒店座落在藏民的村落中，与自然环境融为一体，我看到的是一个白色的童话世界，酒店工作人员及总经理何满先生都相当的亲切，怕大雪封山，酒店派了最好的藏族司机：扎西，第二天一早送我们回了丽江，而他自己连着就回香格里拉，等于要开一天的路（早上８点３０出发，他到晚上９点才到）而	质量很差，根本就是地摊货挂羊头卖狗肉，刚穿一天就起毛，变形，要是看到实物在给钱的话，十块给我都不要，十块钱我去买两条抹布回来擦桌子都好点至少不会掉颜色
裤子质量很好，很喜欢，穿着非常合适，卖家也很有耐心，有需要还会来的！	这个商标都掉了，可能是二手货吧	洗一次褪色，差评	无语，**买了条这么个裤子，布料薄、线头多、款式丑，和卖家图差别太大，在市场*一条。
快递真心给力，超级速度，平板也很好，五星	最急这种苹果买了几次了，整体感觉还不错，没有冰糖心的甜，但感觉储存的挺好，新鲜程度还好。这次买的比前几次略大些，京东自营送货一直有保证。	房间很清洁，洗手间装修好。早餐非常丰盛，豆腐脑很好吃！交通很方便。隔音不够好，我们的邻居夜里1点多电视声音开的很大，投诉后酒店服务人员去与隔壁邻居协商解决了。	最近衣服买了两件，一件黑色的，一件是白色的，然后这两件衣服都是在型号上，都是偏大，他的l号都是从1米75开始的
在上海这个价位住这样的酒店算很不错的了，我住的是标准间，房间是属于很宽敞的那种，卫生状况也不错，出门左转不远的路口有家南翔小笼很不错，可以解决早餐、午餐或晚餐，出门直走大约15分钟就到静安寺了，很方便。	"我5月2号预定的是豪华商务房,可是11号到了酒店却说给我预定的是双人房,不知道是咋搞的.房间不是很大,不过还是满干净的啦.其他的都还可以,晚上睡觉外面比较吵,宾馆反馈 2008年5月16日 ： 尊敬的宾客,感谢您的点评.酒店豪华商务房分大床和双床两种,我们将立即与携程网联系,做好预订客户的房型确认,避免此类差错的发生.同时我们也欢迎您能再次光临!"	说好的赠品呢，小音箱呢？	妈的 L码也没那么大吧 这会不会是XL码吧……给个差评
完美屏，外观时尚，键盘也很漂亮，性价比高，预算有限要求不太高的话可以考虑，配合送的散热底座散热情况还是不错的。不带系统开机全是英文，改硬盘传输模式为IDE就可以装xp了，机子自带驱动光盘。	还稍微重了点，可能是硬盘大的原故，还要再轻半斤就好了。其他要进一步验证。贴的几种膜气泡较多，用不了多久就要更换了，屏幕膜稍好点，但比没有要强多了。建议配赠几张膜让用用户自己贴。	房间比较宽敞，很干净；后面是小区，比较安静，但是前面是垃圾场我昨天住的时候，特价房没有了，还免费帮我升级到了商务房188这个价钱，太值了；我已经住了3晚，还准备再住如果前台的服务态度再好一些就好了宾馆反馈 2008年8月15日 ： 期待您的下次入住为您提供更加优质的服务! 酒店祝您工作顺利!身体健康!	"东西还没用不知道，相差一天，价格就差了*，客户沟通，可以退款，申请价保后，没通过，说是有赠品，2个订单都送赠品，为何不能价保？浪费我一个晚上，5,6个小时的沟通，可惜地址拍错了，否则退货，再拍！坑太深！"
脆、甜，好吃！个头比较均匀，总体不错，一两个有少少瑕疵不碍事。第一次感觉到京东的速度，昨晚十点下单上午11点就派件了，快递哥还超级体贴暖心，暂时没空拿叫放美宜佳，他说帮我省钱愿意等我，真的太贴心了，怒赞?赞?	裤子很好裤子很合适 以为京东买的裤子不好，送过来才发现挺好的，穿起来很瘦，裤子洗了来不及拍照想着明天哀穿，很棒，好评	很喜欢沈老先生的文字，温婉，清新，让人看过之后觉得很放松。他的文字温柔的如同细微的雨一样，让人沉醉其中。他的书光凭看是不够的，更多的是需要去想像，这样才够完好。想象出来的情景更加美丽，有一种想去湘西走走的冲动，书中，他和张兆和的书信更是让人为之感慨，老辈人的感情更加炽烈，而且更加含蓄，可见，当时他们有多么的相爱。可以说，他们比我们更懂什么叫爱。总之很喜欢这本书，还有就是这个出版社的书一直印刷很精美，真的是非常的喜欢，有收藏的价值，希望越做越好~~	想买此书的时候却赶上没货，等了好久终于到货，速买来读之，虽然读之前看了大家的评论，觉得我可能也会被感动的稀里哗啦，一路读下来虽然最后结果是我没流泪，但是却是伤感的几乎一夜未眠，那是一种什么样的爱情！让人肝肠寸断啊！据说此故事发生在我的家乡，细细读来发现真得很像呢，听说好像剧组已经在家乡选址准备拍摄电视剧了，期待ing !
整体的标准没有达到五星级，前台的工作效率比较慢。地理位置还不错，比较好找，酒店的早茶还不错。补充点评 2008年5月26日 ： 写错了，是四星级	啥都不说，买贵了，刚买就降价	相信京东配送，才订购水果给老家老人，结果竟然还有一个是坏的！上次买的苹果也有一些烂的，今天父母才给我说才知道这种事情，严重投诉！！！！！	没有发票。差评差评！
配置还算主流，接口齐全（USB口*3、HIMI*1），附件也都有了（蓝牙、摄像头、麦克风、Modem），一般游戏不成问题。 PS：FN功能键不能用的问题装个软件就解决了，三星官网上有。	不错的产品 可以放心够买	酸酸的苹果，不过苹果本来就是酸酸的感觉。	手机用了几天算可以吧，手感也算可以，就是照相太差劲了，相素跟本没有1300万，手机运行也慢?没有说的那么好，本人怀疑不是正品牌？？？????
用了几年的ipad，当mini坏了后坚定的入手m3，重新体验安卓平板。屏幕表现不错，音质就是喇叭亮，和ipad的音质比，有破音的感觉。续航稍微弱点，机器性能整体不错。	1.前台服务人员很有礼貌与热情。2.定的是大床房，房间空间和格局不错，就是地毯有点脏，冰箱的声音晚上有点吵。3.地点对于晚上想泡酒吧的游客很适合。4.酒店周边很多不错的小饭店。5.这个价位，姑苏的信价比不错。下次还要住这里。	包了两层泡沫，打开好小，而且居然依然是坏的	切了3个都是烂的 第4??个打开才是好的 不知道有几个能吃的
好评，裤子质量很好，没有色差，也不会气球，快递也很给力，下次还会光顾，最卖家生意兴隆	不错，活动屯了很多东西，京东是我家，缺啥往回拉……	囤货，挺划算的，日期也很新，到2020年的，估计未来一年都不用买洗发水了，就是瓶子上有一层浮灰，感觉有点旧	物流慢的真心不想说，等了四五天了。
商家态度很好，第一次码子大了，换货的速度很快！给力！	"房间不错,设施也过得去,感觉走廊的装修挺有特色,服务态度也不错."	想强状 喝蒙牛 00后健美童男 太吓人了 蒙牛NULL-1这个小孩要逆天了！肌肉异常发达，眼神气煞凌人，充满杀气	这个真的不行，很酸，有几个已经憋下去了，
